date_time,maxtempC,mintempC,totalSnow_cm,sunHour,uvIndex,moon_illumination,moonrise,moonset,sunrise,sunset,DewPointC,FeelsLikeC,HeatIndexC,WindChillC,WindGustKmph,cloudcover,humidity,precipMM,pressure,tempC,visibility,winddirDegree,windspeedKmph,location
2019-12-11 00:00:00,28,22,0.0,8.7,7,99,05:06 PM,05:21 AM,06:24 AM,05:42 PM,20,25,25,23,9,32,83,0.0,1012,23,10,86,5,nellore
2019-12-11 03:00:00,28,22,0.0,8.7,7,99,05:06 PM,05:21 AM,06:24 AM,05:42 PM,20,22,25,22,5,6,87,0.0,1012,22,10,65,3,nellore
2019-12-11 06:00:00,28,22,0.0,8.7,7,99,05:06 PM,05:21 AM,06:24 AM,05:42 PM,20,28,28,26,3,1,72,0.0,1015,26,10,66,2,nellore
2019-12-11 09:00:00,28,22,0.0,8.7,7,99,05:06 PM,05:21 AM,06:24 AM,05:42 PM,17,29,29,28,8,0,51,0.0,1014,28,10,49,7,nellore
2019-12-11 12:00:00,28,22,0.0,8.7,7,99,05:06 PM,05:21 AM,06:24 AM,05:42 PM,18,29,29,28,18,3,56,0.0,1011,28,10,67,15,nellore
2019-12-11 15:00:00,28,22,0.0,8.7,7,99,05:06 PM,05:21 AM,06:24 AM,05:42 PM,20,26,26,25,20,17,74,0.0,1011,25,10,67,15,nellore
2019-12-11 18:00:00,28,22,0.0,8.7,7,99,05:06 PM,05:21 AM,06:24 AM,05:42 PM,20,26,26,24,19,30,78,0.0,1013,24,10,71,12,nellore
2019-12-11 21:00:00,28,22,0.0,8.7,7,99,05:06 PM,05:21 AM,06:24 AM,05:42 PM,19,25,25,23,18,38,79,0.0,1013,23,10,81,10,nellore
2019-12-12 00:00:00,28,22,0.0,8.7,7,100,05:57 PM,06:16 AM,06:25 AM,05:43 PM,19,25,25,23,14,52,81,0.0,1012,23,10,88,8,nellore
2019-12-12 03:00:00,28,22,0.0,8.7,7,100,05:57 PM,06:16 AM,06:25 AM,05:43 PM,19,25,25,22,14,38,83,0.0,1012,22,10,94,8,nellore
2019-12-12 06:00:00,28,22,0.0,8.7,7,100,05:57 PM,06:16 AM,06:25 AM,05:43 PM,20,27,27,25,15,48,74,0.0,1015,25,10,100,9,nellore
2019-12-12 09:00:00,28,22,0.0,8.7,7,100,05:57 PM,06:16 AM,06:25 AM,05:43 PM,20,30,30,28,19,32,60,0.0,1013,28,10,92,15,nellore
2019-12-12 12:00:00,28,22,0.0,8.7,7,100,05:57 PM,06:16 AM,06:25 AM,05:43 PM,20,29,29,28,21,32,61,0.0,1011,28,10,86,18,nellore
2019-12-12 15:00:00,28,22,0.0,8.7,7,100,05:57 PM,06:16 AM,06:25 AM,05:43 PM,20,27,27,25,21,21,75,0.0,1011,25,10,84,17,nellore
2019-12-12 18:00:00,28,22,0.0,8.7,7,100,05:57 PM,06:16 AM,06:25 AM,05:43 PM,20,26,26,24,21,16,79,0.0,1014,24,10,84,13,nellore
2019-12-12 21:00:00,28,22,0.0,8.7,7,100,05:57 PM,06:16 AM,06:25 AM,05:43 PM,20,26,26,24,22,23,82,0.0,1014,24,10,95,12,nellore
2019-12-13 00:00:00,28,23,0.0,7.2,7,87,06:52 PM,07:14 AM,06:25 AM,05:43 PM,21,25,25,23,12,50,88,0.1,1012,23,10,92,6,nellore
2019-12-13 03:00:00,28,23,0.0,7.2,7,87,06:52 PM,07:14 AM,06:25 AM,05:43 PM,21,25,25,23,10,79,88,0.1,1012,23,10,80,5,nellore
2019-12-13 06:00:00,28,23,0.0,7.2,7,87,06:52 PM,07:14 AM,06:25 AM,05:43 PM,22,28,28,26,8,66,80,0.9,1015,26,10,52,4,nellore
2019-12-13 09:00:00,28,23,0.0,7.2,7,87,06:52 PM,07:14 AM,06:25 AM,05:43 PM,22,31,31,28,8,64,68,1.7,1014,28,10,40,6,nellore
2019-12-13 12:00:00,28,23,0.0,7.2,7,87,06:52 PM,07:14 AM,06:25 AM,05:43 PM,21,31,31,28,14,40,65,0.1,1012,28,10,79,12,nellore
2019-12-13 15:00:00,28,23,0.0,7.2,7,87,06:52 PM,07:14 AM,06:25 AM,05:43 PM,22,28,28,25,18,30,80,0.2,1012,25,9,93,14,nellore
2019-12-13 18:00:00,28,23,0.0,7.2,7,87,06:52 PM,07:14 AM,06:25 AM,05:43 PM,22,27,27,25,20,63,87,0.0,1015,25,10,92,12,nellore
2019-12-13 21:00:00,28,23,0.0,7.2,7,87,06:52 PM,07:14 AM,06:25 AM,05:43 PM,22,27,27,25,19,56,86,0.5,1015,25,10,91,10,nellore
2019-12-14 00:00:00,28,24,0.0,7.2,6,79,07:51 PM,08:12 AM,06:26 AM,05:43 PM,22,26,26,24,14,50,89,0.2,1013,24,9,90,8,nellore
2019-12-14 03:00:00,28,24,0.0,7.2,6,79,07:51 PM,08:12 AM,06:26 AM,05:43 PM,22,26,26,24,14,40,88,1.9,1014,24,10,79,8,nellore
2019-12-14 06:00:00,28,24,0.0,7.2,6,79,07:51 PM,08:12 AM,06:26 AM,05:43 PM,22,28,28,26,17,74,80,2.0,1017,26,10,70,11,nellore
2019-12-14 09:00:00,28,24,0.0,7.2,6,79,07:51 PM,08:12 AM,06:26 AM,05:43 PM,22,29,29,26,23,100,76,3.3,1017,26,7,76,18,nellore
2019-12-14 12:00:00,28,24,0.0,7.2,6,79,07:51 PM,08:12 AM,06:26 AM,05:43 PM,21,30,30,28,24,39,69,0.0,1013,28,10,77,20,nellore
2019-12-14 15:00:00,28,24,0.0,7.2,6,79,07:51 PM,08:12 AM,06:26 AM,05:43 PM,21,27,27,25,22,25,80,0.1,1013,25,10,81,18,nellore
2019-12-14 18:00:00,28,24,0.0,7.2,6,79,07:51 PM,08:12 AM,06:26 AM,05:43 PM,21,26,26,24,20,80,82,0.0,1017,24,10,80,13,nellore
2019-12-14 21:00:00,28,24,0.0,7.2,6,79,07:51 PM,08:12 AM,06:26 AM,05:43 PM,21,26,26,24,18,76,83,0.0,1016,24,10,82,10,nellore
2019-12-15 00:00:00,28,23,0.0,7.2,7,72,08:51 PM,09:09 AM,06:26 AM,05:44 PM,20,26,26,24,17,57,77,0.1,1014,24,10,75,10,nellore
2019-12-15 03:00:00,28,23,0.0,7.2,7,72,08:51 PM,09:09 AM,06:26 AM,05:44 PM,20,25,25,23,17,29,81,0.1,1014,23,10,62,9,nellore
2019-12-15 06:00:00,28,23,0.0,7.2,7,72,08:51 PM,09:09 AM,06:26 AM,05:44 PM,21,28,28,26,19,26,71,0.1,1016,26,10,66,12,nellore
2019-12-15 09:00:00,28,23,0.0,7.2,7,72,08:51 PM,09:09 AM,06:26 AM,05:44 PM,20,30,30,28,22,64,60,0.2,1015,28,10,73,17,nellore
2019-12-15 12:00:00,28,23,0.0,7.2,7,72,08:51 PM,09:09 AM,06:26 AM,05:44 PM,20,30,30,28,23,38,60,0.1,1013,28,10,74,20,nellore
2019-12-15 15:00:00,28,23,0.0,7.2,7,72,08:51 PM,09:09 AM,06:26 AM,05:44 PM,20,27,27,25,22,0,76,0.1,1012,25,10,69,18,nellore
2019-12-15 18:00:00,28,23,0.0,7.2,7,72,08:51 PM,09:09 AM,06:26 AM,05:44 PM,21,26,26,24,20,26,84,0.0,1014,24,10,72,12,nellore
2019-12-15 21:00:00,28,23,0.0,7.2,7,72,08:51 PM,09:09 AM,06:26 AM,05:44 PM,22,26,26,24,15,46,90,0.2,1014,24,9,71,8,nellore
2019-12-16 00:00:00,27,23,0.0,8.7,6,65,09:51 PM,10:03 AM,06:27 AM,05:44 PM,22,26,26,23,11,33,91,0.8,1013,23,9,45,6,nellore
2019-12-16 03:00:00,27,23,0.0,8.7,6,65,09:51 PM,10:03 AM,06:27 AM,05:44 PM,22,25,25,23,13,52,92,1.5,1013,23,10,17,7,nellore
2019-12-16 06:00:00,27,23,0.0,8.7,6,65,09:51 PM,10:03 AM,06:27 AM,05:44 PM,22,27,27,25,17,54,83,3.9,1015,25,7,23,10,nellore
2019-12-16 09:00:00,27,23,0.0,8.7,6,65,09:51 PM,10:03 AM,06:27 AM,05:44 PM,22,29,29,27,19,34,76,6.4,1015,27,7,49,15,nellore
2019-12-16 12:00:00,27,23,0.0,8.7,6,65,09:51 PM,10:03 AM,06:27 AM,05:44 PM,22,30,30,27,21,38,73,0.7,1012,27,9,58,18,nellore
2019-12-16 15:00:00,27,23,0.0,8.7,6,65,09:51 PM,10:03 AM,06:27 AM,05:44 PM,21,27,27,25,21,38,82,0.7,1013,25,9,58,17,nellore
2019-12-16 18:00:00,27,23,0.0,8.7,6,65,09:51 PM,10:03 AM,06:27 AM,05:44 PM,21,26,26,24,19,45,86,0.0,1015,24,10,60,11,nellore
2019-12-16 21:00:00,27,23,0.0,8.7,6,65,09:51 PM,10:03 AM,06:27 AM,05:44 PM,21,25,25,23,14,75,88,0.0,1015,23,10,65,7,nellore
2019-12-17 00:00:00,27,23,0.0,5.7,6,58,10:50 PM,10:54 AM,06:27 AM,05:45 PM,21,26,26,23,12,82,86,0.1,1014,23,10,45,6,nellore
2019-12-17 03:00:00,27,23,0.0,5.7,6,58,10:50 PM,10:54 AM,06:27 AM,05:45 PM,21,25,25,23,13,59,86,0.1,1014,23,10,35,7,nellore
2019-12-17 06:00:00,27,23,0.0,5.7,6,58,10:50 PM,10:54 AM,06:27 AM,05:45 PM,21,28,28,26,17,58,74,0.1,1017,26,10,41,11,nellore
2019-12-17 09:00:00,27,23,0.0,5.7,6,58,10:50 PM,10:54 AM,06:27 AM,05:45 PM,21,29,29,27,22,62,67,0.2,1017,27,10,55,18,nellore
2019-12-17 12:00:00,27,23,0.0,5.7,6,58,10:50 PM,10:54 AM,06:27 AM,05:45 PM,20,29,29,27,22,64,66,0.1,1013,27,10,64,19,nellore
2019-12-17 15:00:00,27,23,0.0,5.7,6,58,10:50 PM,10:54 AM,06:27 AM,05:45 PM,21,27,27,25,22,21,77,0.1,1014,25,10,62,17,nellore
2019-12-17 18:00:00,27,23,0.0,5.7,6,58,10:50 PM,10:54 AM,06:27 AM,05:45 PM,20,26,26,24,19,11,82,0.0,1015,24,10,57,11,nellore
2019-12-17 21:00:00,27,23,0.0,5.7,6,58,10:50 PM,10:54 AM,06:27 AM,05:45 PM,21,25,25,23,16,79,85,0.0,1016,23,10,65,9,nellore
2019-12-18 00:00:00,28,23,0.0,8.7,7,50,11:48 PM,11:42 AM,06:28 AM,05:45 PM,21,25,25,23,9,40,87,0.1,1014,23,10,77,5,nellore
2019-12-18 03:00:00,28,23,0.0,8.7,7,50,11:48 PM,11:42 AM,06:28 AM,05:45 PM,21,25,25,23,6,25,87,0.1,1014,23,10,156,3,nellore
2019-12-18 06:00:00,28,23,0.0,8.7,7,50,11:48 PM,11:42 AM,06:28 AM,05:45 PM,21,29,29,26,8,35,73,0.1,1016,26,10,229,5,nellore
2019-12-18 09:00:00,28,23,0.0,8.7,7,50,11:48 PM,11:42 AM,06:28 AM,05:45 PM,21,30,30,27,12,47,69,0.3,1017,27,9,40,10,nellore
2019-12-18 12:00:00,28,23,0.0,8.7,7,50,11:48 PM,11:42 AM,06:28 AM,05:45 PM,21,30,30,28,22,51,65,0.1,1013,28,10,65,19,nellore
2019-12-18 15:00:00,28,23,0.0,8.7,7,50,11:48 PM,11:42 AM,06:28 AM,05:45 PM,21,27,27,25,22,16,77,0.1,1014,25,10,61,18,nellore
2019-12-18 18:00:00,28,23,0.0,8.7,7,50,11:48 PM,11:42 AM,06:28 AM,05:45 PM,21,26,26,24,21,5,83,0.0,1016,24,10,66,12,nellore
2019-12-18 21:00:00,28,23,0.0,8.7,7,50,11:48 PM,11:42 AM,06:28 AM,05:45 PM,21,26,26,24,19,67,85,0.0,1016,24,10,83,10,nellore
2019-12-19 00:00:00,28,23,0.0,8.7,7,43,No moonrise,12:26 PM,06:28 AM,05:46 PM,21,25,25,23,17,30,86,0.0,1014,23,10,78,9,nellore
2019-12-19 03:00:00,28,23,0.0,8.7,7,43,No moonrise,12:26 PM,06:28 AM,05:46 PM,21,25,25,23,12,58,87,0.0,1014,23,10,73,6,nellore
2019-12-19 06:00:00,28,23,0.0,8.7,7,43,No moonrise,12:26 PM,06:28 AM,05:46 PM,21,28,28,26,10,53,72,0.0,1016,26,10,48,6,nellore
2019-12-19 09:00:00,28,23,0.0,8.7,7,43,No moonrise,12:26 PM,06:28 AM,05:46 PM,20,30,30,28,13,45,61,0.1,1016,28,10,60,11,nellore
2019-12-19 12:00:00,28,23,0.0,8.7,7,43,No moonrise,12:26 PM,06:28 AM,05:46 PM,20,30,30,28,19,59,62,0.0,1012,28,10,74,16,nellore
2019-12-19 15:00:00,28,23,0.0,8.7,7,43,No moonrise,12:26 PM,06:28 AM,05:46 PM,21,27,27,25,18,34,77,0.0,1012,25,10,76,14,nellore
2019-12-19 18:00:00,28,23,0.0,8.7,7,43,No moonrise,12:26 PM,06:28 AM,05:46 PM,21,26,26,24,15,40,84,0.1,1015,24,10,91,9,nellore
2019-12-19 21:00:00,28,23,0.0,8.7,7,43,No moonrise,12:26 PM,06:28 AM,05:46 PM,21,26,26,24,12,39,87,0.2,1014,24,9,117,7,nellore
2019-12-20 00:00:00,28,23,0.0,5.7,7,36,12:44 AM,01:10 PM,06:29 AM,05:46 PM,21,25,25,23,13,37,87,0.1,1013,23,10,114,7,nellore
2019-12-20 03:00:00,28,23,0.0,5.7,7,36,12:44 AM,01:10 PM,06:29 AM,05:46 PM,21,25,25,23,8,82,86,0.2,1012,23,10,138,5,nellore
2019-12-20 06:00:00,28,23,0.0,5.7,7,36,12:44 AM,01:10 PM,06:29 AM,05:46 PM,21,28,28,26,4,62,76,0.3,1015,26,10,153,3,nellore
2019-12-20 09:00:00,28,23,0.0,5.7,7,36,12:44 AM,01:10 PM,06:29 AM,05:46 PM,21,30,30,28,8,88,66,0.5,1014,28,10,58,6,nellore
2019-12-20 12:00:00,28,23,0.0,5.7,7,36,12:44 AM,01:10 PM,06:29 AM,05:46 PM,21,30,30,28,19,72,66,0.1,1011,28,10,95,16,nellore
2019-12-20 15:00:00,28,23,0.0,5.7,7,36,12:44 AM,01:10 PM,06:29 AM,05:46 PM,21,27,27,25,20,29,77,0.1,1012,25,10,91,16,nellore
2019-12-20 18:00:00,28,23,0.0,5.7,7,36,12:44 AM,01:10 PM,06:29 AM,05:46 PM,20,26,26,24,19,29,80,0.0,1014,24,10,93,12,nellore
2019-12-20 21:00:00,28,23,0.0,5.7,7,36,12:44 AM,01:10 PM,06:29 AM,05:46 PM,21,26,26,24,19,26,83,0.1,1015,24,10,104,11,nellore
2019-12-21 00:00:00,28,23,0.0,8.7,7,28,01:40 AM,01:54 PM,06:29 AM,05:46 PM,20,26,26,24,13,32,81,0.1,1013,24,10,112,7,nellore
2019-12-21 03:00:00,28,23,0.0,8.7,7,28,01:40 AM,01:54 PM,06:29 AM,05:46 PM,20,25,25,23,14,28,83,0.4,1013,23,9,103,8,nellore
2019-12-21 06:00:00,28,23,0.0,8.7,7,28,01:40 AM,01:54 PM,06:29 AM,05:46 PM,21,28,28,26,17,7,72,0.1,1015,26,10,98,10,nellore
2019-12-21 09:00:00,28,23,0.0,8.7,7,28,01:40 AM,01:54 PM,06:29 AM,05:46 PM,20,30,30,28,17,56,63,0.2,1014,28,10,103,13,nellore
2019-12-21 12:00:00,28,23,0.0,8.7,7,28,01:40 AM,01:54 PM,06:29 AM,05:46 PM,21,29,29,27,17,42,66,0.1,1012,27,10,98,14,nellore
2019-12-21 15:00:00,28,23,0.0,8.7,7,28,01:40 AM,01:54 PM,06:29 AM,05:46 PM,21,27,27,25,19,29,79,0.1,1011,25,10,93,15,nellore
2019-12-21 18:00:00,28,23,0.0,8.7,7,28,01:40 AM,01:54 PM,06:29 AM,05:46 PM,21,26,26,24,19,62,83,0.0,1015,24,10,96,12,nellore
2019-12-21 21:00:00,28,23,0.0,8.7,7,28,01:40 AM,01:54 PM,06:29 AM,05:46 PM,20,26,26,24,18,86,83,0.0,1014,24,10,98,10,nellore
2019-12-22 00:00:00,27,22,0.0,8.7,6,21,02:35 AM,02:38 PM,06:30 AM,05:47 PM,20,25,25,23,14,67,85,0.1,1014,23,10,116,8,nellore
2019-12-22 03:00:00,27,22,0.0,8.7,6,21,02:35 AM,02:38 PM,06:30 AM,05:47 PM,19,25,25,23,11,67,82,0.2,1013,23,10,111,6,nellore
2019-12-22 06:00:00,27,22,0.0,8.7,6,21,02:35 AM,02:38 PM,06:30 AM,05:47 PM,19,27,27,26,15,61,67,0.1,1016,26,10,86,9,nellore
2019-12-22 09:00:00,27,22,0.0,8.7,6,21,02:35 AM,02:38 PM,06:30 AM,05:47 PM,19,28,28,27,18,49,60,0.1,1015,27,10,85,14,nellore
2019-12-22 12:00:00,27,22,0.0,8.7,6,21,02:35 AM,02:38 PM,06:30 AM,05:47 PM,19,28,28,27,19,39,61,0.0,1012,27,10,73,16,nellore
2019-12-22 15:00:00,27,22,0.0,8.7,6,21,02:35 AM,02:38 PM,06:30 AM,05:47 PM,19,26,26,24,19,18,74,0.0,1013,24,10,68,15,nellore
2019-12-22 18:00:00,27,22,0.0,8.7,6,21,02:35 AM,02:38 PM,06:30 AM,05:47 PM,19,25,25,23,19,27,79,0.0,1015,23,10,60,11,nellore
2019-12-22 21:00:00,27,22,0.0,8.7,6,21,02:35 AM,02:38 PM,06:30 AM,05:47 PM,19,25,25,22,15,33,82,0.0,1015,22,10,68,8,nellore
2019-12-23 00:00:00,27,21,0.0,8.7,7,14,03:32 AM,03:25 PM,06:30 AM,05:47 PM,19,22,25,22,8,42,83,0.0,1013,22,10,85,4,nellore
2019-12-23 03:00:00,27,21,0.0,8.7,7,14,03:32 AM,03:25 PM,06:30 AM,05:47 PM,19,21,24,21,6,51,83,0.0,1013,21,10,161,3,nellore
2019-12-23 06:00:00,27,21,0.0,8.7,7,14,03:32 AM,03:25 PM,06:30 AM,05:47 PM,19,27,27,25,9,22,69,0.1,1016,25,10,249,6,nellore
2019-12-23 09:00:00,27,21,0.0,8.7,7,14,03:32 AM,03:25 PM,06:30 AM,05:47 PM,19,29,29,27,12,48,62,0.1,1015,27,10,50,10,nellore
2019-12-23 12:00:00,27,21,0.0,8.7,7,14,03:32 AM,03:25 PM,06:30 AM,05:47 PM,19,29,29,27,19,48,61,0.1,1013,27,10,80,16,nellore
2019-12-23 15:00:00,27,21,0.0,8.7,7,14,03:32 AM,03:25 PM,06:30 AM,05:47 PM,19,26,26,24,19,9,74,0.0,1012,24,10,84,15,nellore
2019-12-23 18:00:00,27,21,0.0,8.7,7,14,03:32 AM,03:25 PM,06:30 AM,05:47 PM,20,25,25,23,18,37,81,0.0,1014,23,10,82,10,nellore
2019-12-23 21:00:00,27,21,0.0,8.7,7,14,03:32 AM,03:25 PM,06:30 AM,05:47 PM,20,25,25,23,15,64,82,0.0,1014,23,10,81,8,nellore
2019-12-24 00:00:00,27,23,0.0,5.7,6,7,04:30 AM,04:14 PM,06:31 AM,05:48 PM,21,26,26,24,13,70,84,0.1,1013,24,10,75,7,nellore
2019-12-24 03:00:00,27,23,0.0,5.7,6,7,04:30 AM,04:14 PM,06:31 AM,05:48 PM,21,26,26,24,12,85,84,0.4,1014,24,10,53,6,nellore
2019-12-24 06:00:00,27,23,0.0,5.7,6,7,04:30 AM,04:14 PM,06:31 AM,05:48 PM,22,27,27,25,14,74,80,0.2,1016,25,10,56,9,nellore
2019-12-24 09:00:00,27,23,0.0,5.7,6,7,04:30 AM,04:14 PM,06:31 AM,05:48 PM,21,29,29,27,18,64,72,0.4,1016,27,10,72,13,nellore
2019-12-24 12:00:00,27,23,0.0,5.7,6,7,04:30 AM,04:14 PM,06:31 AM,05:48 PM,21,29,29,27,22,47,72,0.1,1013,27,10,71,17,nellore
2019-12-24 15:00:00,27,23,0.0,5.7,6,7,04:30 AM,04:14 PM,06:31 AM,05:48 PM,21,27,27,25,23,73,80,0.2,1013,25,10,73,18,nellore
2019-12-24 18:00:00,27,23,0.0,5.7,6,7,04:30 AM,04:14 PM,06:31 AM,05:48 PM,21,26,26,24,22,60,84,0.0,1016,24,10,74,14,nellore
2019-12-24 21:00:00,27,23,0.0,5.7,6,7,04:30 AM,04:14 PM,06:31 AM,05:48 PM,21,25,25,23,18,55,86,0.1,1015,23,10,74,10,nellore
2019-12-25 00:00:00,28,23,0.0,8.7,6,0,05:29 AM,05:07 PM,06:31 AM,05:48 PM,21,25,25,23,19,63,88,0.0,1014,23,10,69,12,nellore
2019-12-25 03:00:00,28,23,0.0,8.7,6,0,05:29 AM,05:07 PM,06:31 AM,05:48 PM,20,25,25,23,16,59,86,0.1,1014,23,10,65,9,nellore
2019-12-25 06:00:00,28,23,0.0,8.7,6,0,05:29 AM,05:07 PM,06:31 AM,05:48 PM,21,28,28,26,14,44,73,0.1,1016,26,10,54,9,nellore
2019-12-25 09:00:00,28,23,0.0,8.7,6,0,05:29 AM,05:07 PM,06:31 AM,05:48 PM,20,30,30,28,17,49,61,0.1,1016,28,10,68,14,nellore
2019-12-25 12:00:00,28,23,0.0,8.7,6,0,05:29 AM,05:07 PM,06:31 AM,05:48 PM,20,30,30,28,20,29,61,0.0,1013,28,10,79,17,nellore
2019-12-25 15:00:00,28,23,0.0,8.7,6,0,05:29 AM,05:07 PM,06:31 AM,05:48 PM,20,27,27,25,18,16,74,0.0,1013,25,10,86,15,nellore
2019-12-25 18:00:00,28,23,0.0,8.7,6,0,05:29 AM,05:07 PM,06:31 AM,05:48 PM,20,26,26,24,16,19,80,0.0,1015,24,10,95,10,nellore
2019-12-25 21:00:00,28,23,0.0,8.7,6,0,05:29 AM,05:07 PM,06:31 AM,05:48 PM,20,25,25,23,12,44,82,0.0,1015,23,10,105,6,nellore
2019-12-26 00:00:00,28,21,0.0,8.7,7,0,06:26 AM,06:01 PM,06:32 AM,05:49 PM,20,25,25,22,5,44,86,0.0,1014,22,10,147,3,nellore
2019-12-26 03:00:00,28,21,0.0,8.7,7,0,06:26 AM,06:01 PM,06:32 AM,05:49 PM,20,21,24,21,5,32,90,0.0,1013,21,10,265,3,nellore
2019-12-26 06:00:00,28,21,0.0,8.7,7,0,06:26 AM,06:01 PM,06:32 AM,05:49 PM,20,27,27,25,6,55,75,0.0,1015,25,10,289,3,nellore
2019-12-26 09:00:00,28,21,0.0,8.7,7,0,06:26 AM,06:01 PM,06:32 AM,05:49 PM,19,29,29,28,6,20,57,0.0,1014,28,10,242,6,nellore
2019-12-26 12:00:00,28,21,0.0,8.7,7,0,06:26 AM,06:01 PM,06:32 AM,05:49 PM,19,30,30,28,15,6,57,0.0,1012,28,10,103,14,nellore
2019-12-26 15:00:00,28,21,0.0,8.7,7,0,06:26 AM,06:01 PM,06:32 AM,05:49 PM,19,27,27,25,18,7,71,0.0,1012,25,10,102,14,nellore
2019-12-26 18:00:00,28,21,0.0,8.7,7,0,06:26 AM,06:01 PM,06:32 AM,05:49 PM,19,25,25,23,18,6,75,0.0,1014,23,10,104,11,nellore
2019-12-26 21:00:00,28,21,0.0,8.7,7,0,06:26 AM,06:01 PM,06:32 AM,05:49 PM,20,25,25,23,12,4,79,0.0,1014,23,10,103,6,nellore
2019-12-27 00:00:00,28,21,0.0,8.7,7,0,07:22 AM,06:56 PM,06:32 AM,05:50 PM,19,25,25,22,6,38,83,0.0,1013,22,10,146,4,nellore
2019-12-27 03:00:00,28,21,0.0,8.7,7,0,07:22 AM,06:56 PM,06:32 AM,05:50 PM,19,21,24,21,6,42,87,0.0,1012,21,10,210,3,nellore
2019-12-27 06:00:00,28,21,0.0,8.7,7,0,07:22 AM,06:56 PM,06:32 AM,05:50 PM,20,26,26,24,8,42,76,0.0,1014,24,10,218,5,nellore
2019-12-27 09:00:00,28,21,0.0,8.7,7,0,07:22 AM,06:56 PM,06:32 AM,05:50 PM,19,29,29,28,9,33,59,0.0,1014,28,10,182,8,nellore
2019-12-27 12:00:00,28,21,0.0,8.7,7,0,07:22 AM,06:56 PM,06:32 AM,05:50 PM,19,29,29,28,15,17,59,0.0,1011,28,10,104,13,nellore
2019-12-27 15:00:00,28,21,0.0,8.7,7,0,07:22 AM,06:56 PM,06:32 AM,05:50 PM,19,27,27,25,18,13,69,0.0,1011,25,10,94,14,nellore
2019-12-27 18:00:00,28,21,0.0,8.7,7,0,07:22 AM,06:56 PM,06:32 AM,05:50 PM,19,26,26,24,17,17,73,0.0,1013,24,10,89,10,nellore
2019-12-27 21:00:00,28,21,0.0,8.7,7,0,07:22 AM,06:56 PM,06:32 AM,05:50 PM,19,25,25,24,14,18,77,0.0,1013,24,10,102,8,nellore
2019-12-28 00:00:00,28,23,0.0,8.7,7,8,08:14 AM,07:50 PM,06:33 AM,05:50 PM,19,25,25,23,6,38,80,0.0,1012,23,10,102,4,nellore
2019-12-28 03:00:00,28,23,0.0,8.7,7,8,08:14 AM,07:50 PM,06:33 AM,05:50 PM,19,25,25,23,2,93,81,0.0,1012,23,10,120,1,nellore
2019-12-28 06:00:00,28,23,0.0,8.7,7,8,08:14 AM,07:50 PM,06:33 AM,05:50 PM,20,26,26,24,2,100,76,0.1,1015,24,10,118,1,nellore
2019-12-28 09:00:00,28,23,0.0,8.7,7,8,08:14 AM,07:50 PM,06:33 AM,05:50 PM,20,28,28,26,9,47,68,0.4,1014,26,9,77,7,nellore
2019-12-28 12:00:00,28,23,0.0,8.7,7,8,08:14 AM,07:50 PM,06:33 AM,05:50 PM,19,30,30,28,18,20,58,0.1,1012,28,10,86,14,nellore
2019-12-28 15:00:00,28,23,0.0,8.7,7,8,08:14 AM,07:50 PM,06:33 AM,05:50 PM,20,27,27,25,17,15,75,0.1,1012,25,10,89,13,nellore
2019-12-28 18:00:00,28,23,0.0,8.7,7,8,08:14 AM,07:50 PM,06:33 AM,05:50 PM,20,26,26,24,14,15,81,0.0,1014,24,10,83,9,nellore
2019-12-28 21:00:00,28,23,0.0,8.7,7,8,08:14 AM,07:50 PM,06:33 AM,05:50 PM,20,25,25,23,9,59,83,0.0,1014,23,10,79,5,nellore
2019-12-29 00:00:00,28,23,0.0,7.2,7,15,09:03 AM,08:42 PM,06:33 AM,05:51 PM,20,25,25,23,10,44,83,0.0,1013,23,10,100,5,nellore
2019-12-29 03:00:00,28,23,0.0,7.2,7,15,09:03 AM,08:42 PM,06:33 AM,05:51 PM,20,25,25,24,6,80,79,0.1,1013,24,10,175,4,nellore
2019-12-29 06:00:00,28,23,0.0,7.2,7,15,09:03 AM,08:42 PM,06:33 AM,05:51 PM,20,27,27,26,8,68,72,0.1,1015,26,10,304,5,nellore
2019-12-29 09:00:00,28,23,0.0,7.2,7,15,09:03 AM,08:42 PM,06:33 AM,05:51 PM,20,30,30,28,12,64,63,0.7,1015,28,10,230,10,nellore
2019-12-29 12:00:00,28,23,0.0,7.2,7,15,09:03 AM,08:42 PM,06:33 AM,05:51 PM,21,29,29,27,17,38,69,0.3,1012,27,9,57,14,nellore
2019-12-29 15:00:00,28,23,0.0,7.2,7,15,09:03 AM,08:42 PM,06:33 AM,05:51 PM,21,26,26,24,24,45,80,0.3,1012,24,9,62,19,nellore
2019-12-29 18:00:00,28,23,0.0,7.2,7,15,09:03 AM,08:42 PM,06:33 AM,05:51 PM,20,25,25,23,25,43,85,0.0,1015,23,10,60,16,nellore
2019-12-29 21:00:00,28,23,0.0,7.2,7,15,09:03 AM,08:42 PM,06:33 AM,05:51 PM,20,25,25,23,23,31,88,0.6,1014,23,9,70,13,nellore
2019-12-30 00:00:00,28,22,0.0,8.7,6,22,09:47 AM,09:33 PM,06:34 AM,05:51 PM,20,25,25,22,24,38,88,1.0,1013,22,10,85,13,nellore
2019-12-30 03:00:00,28,22,0.0,8.7,6,22,09:47 AM,09:33 PM,06:34 AM,05:51 PM,20,25,25,22,24,36,86,1.7,1013,22,9,81,13,nellore
2019-12-30 06:00:00,28,22,0.0,8.7,6,22,09:47 AM,09:33 PM,06:34 AM,05:51 PM,20,27,27,25,26,38,74,0.2,1015,25,9,80,15,nellore
2019-12-30 09:00:00,28,22,0.0,8.7,6,22,09:47 AM,09:33 PM,06:34 AM,05:51 PM,20,29,29,28,25,43,63,0.4,1015,28,9,83,19,nellore
2019-12-30 12:00:00,28,22,0.0,8.7,6,22,09:47 AM,09:33 PM,06:34 AM,05:51 PM,20,29,29,27,26,25,65,0.0,1012,27,10,89,21,nellore
2019-12-30 15:00:00,28,22,0.0,8.7,6,22,09:47 AM,09:33 PM,06:34 AM,05:51 PM,20,26,26,25,24,27,77,0.0,1013,25,10,96,19,nellore
2019-12-30 18:00:00,28,22,0.0,8.7,6,22,09:47 AM,09:33 PM,06:34 AM,05:51 PM,20,25,25,23,23,61,84,0.0,1015,23,10,99,14,nellore
2019-12-30 21:00:00,28,22,0.0,8.7,6,22,09:47 AM,09:33 PM,06:34 AM,05:51 PM,20,25,25,23,21,35,86,0.1,1015,23,10,96,12,nellore
2019-12-31 00:00:00,27,22,0.0,8.7,7,26,10:27 AM,10:21 PM,06:34 AM,05:52 PM,20,25,25,23,19,59,87,0.1,1014,23,10,102,11,nellore
2019-12-31 03:00:00,27,22,0.0,8.7,7,26,10:27 AM,10:21 PM,06:34 AM,05:52 PM,20,25,25,22,20,47,86,0.1,1014,22,10,98,11,nellore
2019-12-31 06:00:00,27,22,0.0,8.7,7,26,10:27 AM,10:21 PM,06:34 AM,05:52 PM,21,27,27,25,23,61,77,0.4,1016,25,10,91,14,nellore
2019-12-31 09:00:00,27,22,0.0,8.7,7,26,10:27 AM,10:21 PM,06:34 AM,05:52 PM,21,30,30,27,24,59,69,0.9,1016,27,10,90,18,nellore
2019-12-31 12:00:00,27,22,0.0,8.7,7,26,10:27 AM,10:21 PM,06:34 AM,05:52 PM,21,29,29,27,22,36,69,0.5,1013,27,9,90,19,nellore
2019-12-31 15:00:00,27,22,0.0,8.7,7,26,10:27 AM,10:21 PM,06:34 AM,05:52 PM,21,27,27,25,22,32,79,0.7,1013,25,9,94,18,nellore
2019-12-31 18:00:00,27,22,0.0,8.7,7,26,10:27 AM,10:21 PM,06:34 AM,05:52 PM,21,26,26,24,19,81,85,0.0,1015,24,10,96,13,nellore
2019-12-31 21:00:00,27,22,0.0,8.7,7,26,10:27 AM,10:21 PM,06:34 AM,05:52 PM,21,26,26,24,15,70,85,0.1,1015,24,10,86,9,nellore
2020-01-01 00:00:00,28,23,0.0,4.2,6,37,11:06 AM,11:09 PM,06:34 AM,05:52 PM,21,25,25,23,16,76,86,0.1,1015,23,10,79,9,nellore
2020-01-01 03:00:00,28,23,0.0,4.2,6,37,11:06 AM,11:09 PM,06:34 AM,05:52 PM,21,26,26,23,15,84,86,0.4,1014,23,10,64,9,nellore
2020-01-01 06:00:00,28,23,0.0,4.2,6,37,11:06 AM,11:09 PM,06:34 AM,05:52 PM,21,26,26,24,17,84,84,0.9,1014,24,10,65,11,nellore
2020-01-01 09:00:00,28,23,0.0,4.2,6,37,11:06 AM,11:09 PM,06:34 AM,05:52 PM,21,29,29,26,19,90,74,0.5,1016,26,10,74,14,nellore
2020-01-01 12:00:00,28,23,0.0,4.2,6,37,11:06 AM,11:09 PM,06:34 AM,05:52 PM,21,31,31,28,24,74,64,0.4,1015,28,9,81,20,nellore
2020-01-01 15:00:00,28,23,0.0,4.2,6,37,11:06 AM,11:09 PM,06:34 AM,05:52 PM,21,29,29,27,25,71,70,0.2,1013,27,10,85,20,nellore
2020-01-01 18:00:00,28,23,0.0,4.2,6,37,11:06 AM,11:09 PM,06:34 AM,05:52 PM,22,27,27,25,25,73,82,0.6,1014,25,9,86,16,nellore
2020-01-01 21:00:00,28,23,0.0,4.2,6,37,11:06 AM,11:09 PM,06:34 AM,05:52 PM,22,26,26,24,20,74,88,1.0,1016,24,10,95,11,nellore
2020-01-02 00:00:00,29,20,0.0,5.7,7,44,11:42 AM,11:55 PM,06:35 AM,05:53 PM,22,20,23,20,9,71,89,0.5,1015,20,10,134,5,nellore
2020-01-02 03:00:00,29,20,0.0,5.7,7,44,11:42 AM,11:55 PM,06:35 AM,05:53 PM,22,26,26,23,4,62,91,0.0,1014,23,10,213,2,nellore
2020-01-02 06:00:00,29,20,0.0,5.7,7,44,11:42 AM,11:55 PM,06:35 AM,05:53 PM,22,26,26,24,5,73,88,0.1,1015,24,10,310,3,nellore
2020-01-02 09:00:00,29,20,0.0,5.7,7,44,11:42 AM,11:55 PM,06:35 AM,05:53 PM,22,29,29,27,9,56,73,0.1,1017,27,10,269,8,nellore
2020-01-02 12:00:00,29,20,0.0,5.7,7,44,11:42 AM,11:55 PM,06:35 AM,05:53 PM,21,32,32,29,18,80,63,0.4,1015,29,10,93,15,nellore
2020-01-02 15:00:00,29,20,0.0,5.7,7,44,11:42 AM,11:55 PM,06:35 AM,05:53 PM,21,31,31,28,19,75,67,0.5,1013,28,9,94,15,nellore
2020-01-02 18:00:00,29,20,0.0,5.7,7,44,11:42 AM,11:55 PM,06:35 AM,05:53 PM,22,28,28,26,18,84,78,0.4,1014,26,9,96,12,nellore
2020-01-02 21:00:00,29,20,0.0,5.7,7,44,11:42 AM,11:55 PM,06:35 AM,05:53 PM,22,27,27,25,15,87,86,0.1,1016,25,10,107,9,nellore
2020-01-03 00:00:00,29,24,0.0,4.2,6,51,12:18 PM,No moonset,06:35 AM,05:53 PM,22,27,27,24,12,33,88,0.0,1016,24,10,128,7,nellore
2020-01-03 03:00:00,29,24,0.0,4.2,6,51,12:18 PM,No moonset,06:35 AM,05:53 PM,22,26,26,24,9,52,92,0.1,1014,24,10,181,5,nellore
2020-01-03 06:00:00,29,24,0.0,4.2,6,51,12:18 PM,No moonset,06:35 AM,05:53 PM,22,27,27,24,6,55,90,0.3,1015,24,10,246,4,nellore
2020-01-03 09:00:00,29,24,0.0,4.2,6,51,12:18 PM,No moonset,06:35 AM,05:53 PM,22,30,30,27,8,71,77,0.5,1016,27,10,241,6,nellore
2020-01-03 12:00:00,29,24,0.0,4.2,6,51,12:18 PM,No moonset,06:35 AM,05:53 PM,22,32,32,29,13,90,64,0.4,1014,29,10,141,10,nellore
2020-01-03 15:00:00,29,24,0.0,4.2,6,51,12:18 PM,No moonset,06:35 AM,05:53 PM,22,31,31,28,16,72,68,0.1,1011,28,10,125,12,nellore
2020-01-03 18:00:00,29,24,0.0,4.2,6,51,12:18 PM,No moonset,06:35 AM,05:53 PM,22,28,28,26,20,54,79,0.1,1012,26,9,120,13,nellore
2020-01-03 21:00:00,29,24,0.0,4.2,6,51,12:18 PM,No moonset,06:35 AM,05:53 PM,22,27,27,25,20,19,85,0.0,1013,25,10,135,11,nellore
2020-01-04 00:00:00,30,24,0.0,7.2,6,59,12:54 PM,12:40 AM,06:36 AM,05:54 PM,23,27,27,24,18,84,89,0.3,1013,24,9,160,10,nellore
2020-01-04 03:00:00,30,24,0.0,7.2,6,59,12:54 PM,12:40 AM,06:36 AM,05:54 PM,22,26,26,24,17,84,92,0.4,1012,24,9,185,10,nellore
2020-01-04 06:00:00,30,24,0.0,7.2,6,59,12:54 PM,12:40 AM,06:36 AM,05:54 PM,22,26,26,24,16,66,88,0.5,1012,24,9,193,10,nellore
2020-01-04 09:00:00,30,24,0.0,7.2,6,59,12:54 PM,12:40 AM,06:36 AM,05:54 PM,22,30,30,28,14,17,71,0.0,1013,28,10,185,12,nellore
2020-01-04 12:00:00,30,24,0.0,7.2,6,59,12:54 PM,12:40 AM,06:36 AM,05:54 PM,22,34,34,30,16,37,60,0.1,1012,30,10,148,14,nellore
2020-01-04 15:00:00,30,24,0.0,7.2,6,59,12:54 PM,12:40 AM,06:36 AM,05:54 PM,23,33,33,29,22,83,69,0.4,1010,29,9,117,18,nellore
2020-01-04 18:00:00,30,24,0.0,7.2,6,59,12:54 PM,12:40 AM,06:36 AM,05:54 PM,23,29,29,26,24,78,83,0.5,1011,26,9,115,15,nellore
2020-01-04 21:00:00,30,24,0.0,7.2,6,59,12:54 PM,12:40 AM,06:36 AM,05:54 PM,23,28,28,25,20,75,89,0.3,1012,25,9,128,12,nellore
2020-01-05 00:00:00,30,24,0.0,7.2,7,66,01:32 PM,01:28 AM,06:36 AM,05:55 PM,23,27,27,24,15,62,92,0.3,1012,24,9,161,9,nellore
2020-01-05 03:00:00,30,24,0.0,7.2,7,66,01:32 PM,01:28 AM,06:36 AM,05:55 PM,23,26,26,24,12,26,94,0.0,1011,24,7,171,7,nellore
2020-01-05 06:00:00,30,24,0.0,7.2,7,66,01:32 PM,01:28 AM,06:36 AM,05:55 PM,23,27,27,25,8,20,90,0.0,1012,25,5,155,5,nellore
2020-01-05 09:00:00,30,24,0.0,7.2,7,66,01:32 PM,01:28 AM,06:36 AM,05:55 PM,22,31,31,28,9,22,73,0.0,1014,28,10,129,8,nellore
2020-01-05 12:00:00,30,24,0.0,7.2,7,66,01:32 PM,01:28 AM,06:36 AM,05:55 PM,21,32,32,30,16,59,61,0.1,1012,30,10,99,14,nellore
2020-01-05 15:00:00,30,24,0.0,7.2,7,66,01:32 PM,01:28 AM,06:36 AM,05:55 PM,21,31,31,28,20,73,66,0.2,1011,28,10,88,16,nellore
2020-01-05 18:00:00,30,24,0.0,7.2,7,66,01:32 PM,01:28 AM,06:36 AM,05:55 PM,22,28,28,26,20,54,78,0.1,1012,26,10,85,13,nellore
2020-01-05 21:00:00,30,24,0.0,7.2,7,66,01:32 PM,01:28 AM,06:36 AM,05:55 PM,22,27,27,25,16,15,84,0.0,1014,25,10,89,9,nellore
2020-01-06 00:00:00,27,24,0.0,7.2,6,73,02:12 PM,02:16 AM,06:36 AM,05:55 PM,22,26,26,24,15,70,88,0.1,1014,24,10,65,9,nellore
2020-01-06 03:00:00,27,24,0.0,7.2,6,73,02:12 PM,02:16 AM,06:36 AM,05:55 PM,22,26,26,24,14,65,90,0.3,1013,24,10,62,8,nellore
2020-01-06 06:00:00,27,24,0.0,7.2,6,73,02:12 PM,02:16 AM,06:36 AM,05:55 PM,22,27,27,24,18,83,86,0.5,1015,24,9,61,12,nellore
2020-01-06 09:00:00,27,24,0.0,7.2,6,73,02:12 PM,02:16 AM,06:36 AM,05:55 PM,22,29,29,27,27,74,76,1.1,1016,27,9,66,19,nellore
2020-01-06 12:00:00,27,24,0.0,7.2,6,73,02:12 PM,02:16 AM,06:36 AM,05:55 PM,22,30,30,27,36,55,72,2.0,1015,27,10,71,24,nellore
2020-01-06 15:00:00,27,24,0.0,7.2,6,73,02:12 PM,02:16 AM,06:36 AM,05:55 PM,22,29,29,27,32,58,75,1.2,1013,27,10,73,23,nellore
2020-01-06 18:00:00,27,24,0.0,7.2,6,73,02:12 PM,02:16 AM,06:36 AM,05:55 PM,21,27,27,25,28,72,80,0.9,1014,25,10,75,18,nellore
2020-01-06 21:00:00,27,24,0.0,7.2,6,73,02:12 PM,02:16 AM,06:36 AM,05:55 PM,21,27,27,24,25,92,82,0.0,1016,24,10,75,15,nellore
2020-01-07 00:00:00,27,22,0.0,4.2,6,80,02:56 PM,03:08 AM,06:36 AM,05:56 PM,21,26,26,24,27,83,85,0.5,1015,24,10,77,16,nellore
2020-01-07 03:00:00,27,22,0.0,4.2,6,80,02:56 PM,03:08 AM,06:36 AM,05:56 PM,21,26,26,24,27,87,84,0.3,1014,24,10,74,16,nellore
2020-01-07 06:00:00,27,22,0.0,4.2,6,80,02:56 PM,03:08 AM,06:36 AM,05:56 PM,21,26,26,24,27,81,82,0.3,1015,24,10,74,16,nellore
2020-01-07 09:00:00,27,22,0.0,4.2,6,80,02:56 PM,03:08 AM,06:36 AM,05:56 PM,21,28,28,26,24,77,76,0.3,1016,26,10,77,18,nellore
2020-01-07 12:00:00,27,22,0.0,4.2,6,80,02:56 PM,03:08 AM,06:36 AM,05:56 PM,21,29,29,27,25,65,70,0.4,1015,27,10,82,21,nellore
2020-01-07 15:00:00,27,22,0.0,4.2,6,80,02:56 PM,03:08 AM,06:36 AM,05:56 PM,21,29,29,27,24,83,71,0.1,1013,27,10,82,19,nellore
2020-01-07 18:00:00,27,22,0.0,4.2,6,80,02:56 PM,03:08 AM,06:36 AM,05:56 PM,21,26,26,24,20,84,80,0.1,1014,24,10,88,13,nellore
2020-01-07 21:00:00,27,22,0.0,4.2,6,80,02:56 PM,03:08 AM,06:36 AM,05:56 PM,21,22,25,22,15,79,83,0.0,1015,22,10,95,9,nellore
2020-01-08 00:00:00,27,21,0.0,5.7,7,88,03:44 PM,04:02 AM,06:37 AM,05:56 PM,21,25,25,23,16,66,86,0.2,1014,23,9,90,9,nellore
2020-01-08 03:00:00,27,21,0.0,5.7,7,88,03:44 PM,04:02 AM,06:37 AM,05:56 PM,20,25,25,23,14,46,86,0.0,1013,23,10,87,8,nellore
2020-01-08 06:00:00,27,21,0.0,5.7,7,88,03:44 PM,04:02 AM,06:37 AM,05:56 PM,20,26,26,23,12,81,81,0.1,1014,23,10,86,7,nellore
2020-01-08 09:00:00,27,21,0.0,5.7,7,88,03:44 PM,04:02 AM,06:37 AM,05:56 PM,20,27,27,26,17,88,72,0.3,1015,26,10,85,12,nellore
2020-01-08 12:00:00,27,21,0.0,5.7,7,88,03:44 PM,04:02 AM,06:37 AM,05:56 PM,20,29,29,27,21,66,64,0.4,1014,27,9,90,17,nellore
2020-01-08 15:00:00,27,21,0.0,5.7,7,88,03:44 PM,04:02 AM,06:37 AM,05:56 PM,19,28,28,26,20,37,66,0.0,1012,26,10,93,16,nellore
2020-01-08 18:00:00,27,21,0.0,5.7,7,88,03:44 PM,04:02 AM,06:37 AM,05:56 PM,19,26,26,24,17,13,73,0.0,1012,24,10,101,10,nellore
2020-01-08 21:00:00,27,21,0.0,5.7,7,88,03:44 PM,04:02 AM,06:37 AM,05:56 PM,18,21,24,21,10,12,76,0.0,1014,21,10,106,5,nellore
2020-01-09 00:00:00,28,21,0.0,8.7,7,95,04:38 PM,04:59 AM,06:37 AM,05:57 PM,19,21,24,21,5,0,75,0.0,1014,21,10,108,4,nellore
2020-01-09 03:00:00,28,21,0.0,8.7,7,95,04:38 PM,04:59 AM,06:37 AM,05:57 PM,19,25,25,23,4,0,77,0.0,1012,23,10,171,3,nellore
2020-01-09 06:00:00,28,21,0.0,8.7,7,95,04:38 PM,04:59 AM,06:37 AM,05:57 PM,19,25,25,23,6,0,75,0.0,1013,23,10,201,4,nellore
2020-01-09 09:00:00,28,21,0.0,8.7,7,95,04:38 PM,04:59 AM,06:37 AM,05:57 PM,18,27,27,26,9,1,63,0.0,1015,26,10,188,8,nellore
2020-01-09 12:00:00,28,21,0.0,8.7,7,95,04:38 PM,04:59 AM,06:37 AM,05:57 PM,16,28,28,28,16,3,51,0.0,1013,28,10,124,14,nellore
2020-01-09 15:00:00,28,21,0.0,8.7,7,95,04:38 PM,04:59 AM,06:37 AM,05:57 PM,17,28,28,27,18,1,55,0.0,1011,27,10,116,14,nellore
2020-01-09 18:00:00,28,21,0.0,8.7,7,95,04:38 PM,04:59 AM,06:37 AM,05:57 PM,17,26,26,24,15,0,66,0.0,1012,24,10,102,9,nellore
2020-01-09 21:00:00,28,21,0.0,8.7,7,95,04:38 PM,04:59 AM,06:37 AM,05:57 PM,18,21,24,21,12,0,70,0.0,1013,21,10,83,7,nellore
2020-01-10 00:00:00,28,22,0.0,8.7,7,100,05:36 PM,05:58 AM,06:37 AM,05:57 PM,19,25,25,23,5,0,75,0.0,1013,23,10,162,3,nellore
2020-01-10 03:00:00,28,22,0.0,8.7,7,100,05:36 PM,05:58 AM,06:37 AM,05:57 PM,19,25,25,22,6,0,80,0.0,1013,22,10,246,4,nellore
2020-01-10 06:00:00,28,22,0.0,8.7,7,100,05:36 PM,05:58 AM,06:37 AM,05:57 PM,19,25,25,23,4,0,78,0.0,1014,23,10,227,3,nellore
2020-01-10 09:00:00,28,22,0.0,8.7,7,100,05:36 PM,05:58 AM,06:37 AM,05:57 PM,18,27,27,26,6,0,63,0.0,1015,26,10,190,5,nellore
2020-01-10 12:00:00,28,22,0.0,8.7,7,100,05:36 PM,05:58 AM,06:37 AM,05:57 PM,17,29,29,28,17,0,52,0.0,1014,28,10,87,14,nellore
2020-01-10 15:00:00,28,22,0.0,8.7,7,100,05:36 PM,05:58 AM,06:37 AM,05:57 PM,17,28,28,27,17,0,57,0.0,1012,27,10,79,13,nellore
2020-01-10 18:00:00,28,22,0.0,8.7,7,100,05:36 PM,05:58 AM,06:37 AM,05:57 PM,18,26,26,25,13,0,68,0.0,1013,25,10,74,8,nellore
2020-01-10 21:00:00,28,22,0.0,8.7,7,100,05:36 PM,05:58 AM,06:37 AM,05:57 PM,19,26,26,24,8,2,74,0.0,1015,24,10,71,5,nellore
2020-01-11 00:00:00,27,21,0.0,4.2,5,100,06:37 PM,06:57 AM,06:38 AM,05:58 PM,19,22,25,22,6,41,83,0.0,1015,22,10,67,3,nellore
2020-01-11 03:00:00,27,21,0.0,4.2,5,100,06:37 PM,06:57 AM,06:38 AM,05:58 PM,19,21,23,21,4,66,86,0.0,1014,21,10,164,2,nellore
2020-01-11 06:00:00,27,21,0.0,4.2,5,100,06:37 PM,06:57 AM,06:38 AM,05:58 PM,19,22,22,22,5,69,85,0.0,1015,22,10,309,3,nellore
2020-01-11 09:00:00,27,21,0.0,4.2,5,100,06:37 PM,06:57 AM,06:38 AM,05:58 PM,20,26,26,25,11,76,75,0.2,1017,25,10,225,8,nellore
2020-01-11 12:00:00,27,21,0.0,4.2,5,100,06:37 PM,06:57 AM,06:38 AM,05:58 PM,20,29,29,27,19,79,63,0.2,1015,27,10,75,16,nellore
2020-01-11 15:00:00,27,21,0.0,4.2,5,100,06:37 PM,06:57 AM,06:38 AM,05:58 PM,20,29,29,27,18,75,66,0.1,1013,27,10,76,14,nellore
2020-01-11 18:00:00,27,21,0.0,4.2,5,100,06:37 PM,06:57 AM,06:38 AM,05:58 PM,20,26,26,24,15,52,78,0.1,1014,24,10,78,9,nellore
2020-01-11 21:00:00,27,21,0.0,4.2,5,100,06:37 PM,06:57 AM,06:38 AM,05:58 PM,20,25,25,23,10,11,84,0.0,1015,23,10,86,6,nellore
2020-01-12 00:00:00,27,20,0.0,4.2,5,83,07:40 PM,07:54 AM,06:38 AM,05:59 PM,21,20,23,20,5,83,90,0.1,1014,20,10,166,3,nellore
2020-01-12 03:00:00,27,20,0.0,4.2,5,83,07:40 PM,07:54 AM,06:38 AM,05:59 PM,20,22,23,22,9,79,91,0.2,1013,22,10,242,5,nellore
2020-01-12 06:00:00,27,20,0.0,4.2,5,83,07:40 PM,07:54 AM,06:38 AM,05:59 PM,20,23,23,22,13,75,88,0.4,1014,22,10,278,7,nellore
2020-01-12 09:00:00,27,20,0.0,4.2,5,83,07:40 PM,07:54 AM,06:38 AM,05:59 PM,20,27,27,25,13,79,76,0.5,1016,25,9,228,10,nellore
2020-01-12 12:00:00,27,20,0.0,4.2,5,83,07:40 PM,07:54 AM,06:38 AM,05:59 PM,20,29,29,27,21,69,67,0.7,1014,27,10,82,17,nellore
2020-01-12 15:00:00,27,20,0.0,4.2,5,83,07:40 PM,07:54 AM,06:38 AM,05:59 PM,20,28,28,26,19,62,66,0.2,1012,26,10,75,15,nellore
2020-01-12 18:00:00,27,20,0.0,4.2,5,83,07:40 PM,07:54 AM,06:38 AM,05:59 PM,20,26,26,24,18,54,76,0.1,1013,24,9,82,11,nellore
2020-01-12 21:00:00,27,20,0.0,4.2,5,83,07:40 PM,07:54 AM,06:38 AM,05:59 PM,20,21,24,21,13,2,83,0.0,1014,21,10,121,8,nellore
2020-01-13 00:00:00,27,19,0.0,8.7,6,76,08:41 PM,08:48 AM,06:38 AM,05:59 PM,20,19,21,19,9,6,89,0.0,1013,19,10,177,5,nellore
2020-01-13 03:00:00,27,19,0.0,8.7,6,76,08:41 PM,08:48 AM,06:38 AM,05:59 PM,19,21,21,21,12,16,93,0.0,1012,21,7,220,6,nellore
2020-01-13 06:00:00,27,19,0.0,8.7,6,76,08:41 PM,08:48 AM,06:38 AM,05:59 PM,19,21,22,21,11,20,91,0.0,1013,21,5,214,6,nellore
2020-01-13 09:00:00,27,19,0.0,8.7,6,76,08:41 PM,08:48 AM,06:38 AM,05:59 PM,19,26,26,24,8,16,74,0.0,1014,24,10,179,6,nellore
2020-01-13 12:00:00,27,19,0.0,8.7,6,76,08:41 PM,08:48 AM,06:38 AM,05:59 PM,18,28,28,27,12,12,57,0.0,1013,27,10,107,10,nellore
2020-01-13 15:00:00,27,19,0.0,8.7,6,76,08:41 PM,08:48 AM,06:38 AM,05:59 PM,18,28,28,26,19,3,62,0.0,1011,26,10,98,15,nellore
2020-01-13 18:00:00,27,19,0.0,8.7,6,76,08:41 PM,08:48 AM,06:38 AM,05:59 PM,18,25,25,23,22,0,73,0.0,1011,23,10,99,13,nellore
2020-01-13 21:00:00,27,19,0.0,8.7,6,76,08:41 PM,08:48 AM,06:38 AM,05:59 PM,18,20,23,20,18,0,79,0.0,1013,20,10,114,9,nellore
2020-01-14 00:00:00,27,19,0.0,11.6,6,69,09:42 PM,09:38 AM,06:38 AM,06:00 PM,18,19,22,19,12,0,79,0.0,1013,19,10,154,7,nellore
2020-01-14 03:00:00,27,19,0.0,11.6,6,69,09:42 PM,09:38 AM,06:38 AM,06:00 PM,18,21,23,21,13,0,83,0.0,1012,21,10,198,7,nellore
2020-01-14 06:00:00,27,19,0.0,11.6,6,69,09:42 PM,09:38 AM,06:38 AM,06:00 PM,18,21,22,21,10,0,83,0.0,1013,21,10,229,6,nellore
2020-01-14 09:00:00,27,19,0.0,11.6,6,69,09:42 PM,09:38 AM,06:38 AM,06:00 PM,18,26,26,25,8,1,67,0.0,1014,25,10,181,6,nellore
2020-01-14 12:00:00,27,19,0.0,11.6,6,69,09:42 PM,09:38 AM,06:38 AM,06:00 PM,16,28,28,27,15,1,53,0.0,1013,27,10,83,13,nellore
2020-01-14 15:00:00,27,19,0.0,11.6,6,69,09:42 PM,09:38 AM,06:38 AM,06:00 PM,16,27,27,26,19,0,55,0.0,1011,26,10,86,15,nellore
2020-01-14 18:00:00,27,19,0.0,11.6,6,69,09:42 PM,09:38 AM,06:38 AM,06:00 PM,16,25,25,23,16,0,65,0.0,1012,23,10,91,10,nellore
2020-01-14 21:00:00,27,19,0.0,11.6,6,69,09:42 PM,09:38 AM,06:38 AM,06:00 PM,17,21,24,21,10,0,69,0.0,1014,21,10,97,6,nellore
2020-01-15 00:00:00,27,20,0.0,11.6,6,61,10:39 PM,10:25 AM,06:38 AM,06:00 PM,18,20,23,20,7,0,73,0.0,1014,20,10,136,4,nellore
2020-01-15 03:00:00,27,20,0.0,11.6,6,61,10:39 PM,10:25 AM,06:38 AM,06:00 PM,18,22,23,22,5,0,77,0.0,1012,22,10,200,3,nellore
2020-01-15 06:00:00,27,20,0.0,11.6,6,61,10:39 PM,10:25 AM,06:38 AM,06:00 PM,17,22,22,22,7,1,77,0.0,1013,22,10,249,4,nellore
2020-01-15 09:00:00,27,20,0.0,11.6,6,61,10:39 PM,10:25 AM,06:38 AM,06:00 PM,18,27,27,25,8,3,63,0.0,1015,25,10,221,7,nellore
2020-01-15 12:00:00,27,20,0.0,11.6,6,61,10:39 PM,10:25 AM,06:38 AM,06:00 PM,17,28,28,27,17,6,53,0.0,1014,27,10,91,14,nellore
2020-01-15 15:00:00,27,20,0.0,11.6,6,61,10:39 PM,10:25 AM,06:38 AM,06:00 PM,17,27,27,26,18,5,58,0.0,1011,26,10,93,14,nellore
2020-01-15 18:00:00,27,20,0.0,11.6,6,61,10:39 PM,10:25 AM,06:38 AM,06:00 PM,18,25,25,24,17,1,68,0.0,1012,24,10,91,10,nellore
2020-01-15 21:00:00,27,20,0.0,11.6,6,61,10:39 PM,10:25 AM,06:38 AM,06:00 PM,18,25,25,22,13,7,74,0.0,1014,22,10,88,7,nellore
2020-01-16 00:00:00,26,20,0.0,11.6,6,54,11:36 PM,11:10 AM,06:38 AM,06:01 PM,17,21,23,21,12,27,76,0.0,1014,21,10,124,6,nellore
2020-01-16 03:00:00,26,20,0.0,11.6,6,54,11:36 PM,11:10 AM,06:38 AM,06:01 PM,17,21,21,21,8,22,79,0.0,1013,21,10,196,4,nellore
2020-01-16 06:00:00,26,20,0.0,11.6,6,54,11:36 PM,11:10 AM,06:38 AM,06:01 PM,17,21,22,21,9,19,78,0.0,1013,21,10,251,5,nellore
2020-01-16 09:00:00,26,20,0.0,11.6,6,54,11:36 PM,11:10 AM,06:38 AM,06:01 PM,17,26,26,24,9,42,67,0.0,1015,24,10,210,7,nellore
2020-01-16 12:00:00,26,20,0.0,11.6,6,54,11:36 PM,11:10 AM,06:38 AM,06:01 PM,17,27,27,26,14,34,57,0.0,1013,26,10,117,12,nellore
2020-01-16 15:00:00,26,20,0.0,11.6,6,54,11:36 PM,11:10 AM,06:38 AM,06:01 PM,17,27,27,26,17,2,57,0.0,1012,26,10,102,13,nellore
2020-01-16 18:00:00,26,20,0.0,11.6,6,54,11:36 PM,11:10 AM,06:38 AM,06:01 PM,17,25,25,23,20,0,67,0.0,1012,23,10,96,12,nellore
2020-01-16 21:00:00,26,20,0.0,11.6,6,54,11:36 PM,11:10 AM,06:38 AM,06:01 PM,17,20,23,20,20,0,75,0.0,1014,20,10,104,10,nellore
2020-01-17 00:00:00,28,18,0.0,11.6,7,47,No moonrise,11:53 AM,06:39 AM,06:01 PM,18,18,20,18,9,13,79,0.0,1014,18,10,171,5,nellore
2020-01-17 03:00:00,28,18,0.0,11.6,7,47,No moonrise,11:53 AM,06:39 AM,06:01 PM,18,21,21,21,5,30,84,0.0,1013,21,10,224,2,nellore
2020-01-17 06:00:00,28,18,0.0,11.6,7,47,No moonrise,11:53 AM,06:39 AM,06:01 PM,18,22,22,22,8,8,82,0.0,1014,22,10,203,5,nellore
2020-01-17 09:00:00,28,18,0.0,11.6,7,47,No moonrise,11:53 AM,06:39 AM,06:01 PM,19,27,27,25,9,15,68,0.0,1015,25,10,199,8,nellore
2020-01-17 12:00:00,28,18,0.0,11.6,7,47,No moonrise,11:53 AM,06:39 AM,06:01 PM,19,29,29,28,15,44,58,0.0,1014,28,10,132,13,nellore
2020-01-17 15:00:00,28,18,0.0,11.6,7,47,No moonrise,11:53 AM,06:39 AM,06:01 PM,20,29,29,27,20,40,65,0.0,1012,27,10,109,16,nellore
2020-01-17 18:00:00,28,18,0.0,11.6,7,47,No moonrise,11:53 AM,06:39 AM,06:01 PM,20,26,26,25,21,13,75,0.0,1013,25,10,96,13,nellore
2020-01-17 21:00:00,28,18,0.0,11.6,7,47,No moonrise,11:53 AM,06:39 AM,06:01 PM,20,25,25,23,21,17,82,0.0,1014,23,10,95,11,nellore
2020-01-18 00:00:00,28,23,0.0,5.8,6,40,12:31 AM,12:37 PM,06:39 AM,06:02 PM,21,25,25,23,21,52,89,0.1,1014,23,10,97,12,nellore
2020-01-18 03:00:00,28,23,0.0,5.8,6,40,12:31 AM,12:37 PM,06:39 AM,06:02 PM,21,25,25,23,19,57,90,0.1,1013,23,10,98,10,nellore
2020-01-18 06:00:00,28,23,0.0,5.8,6,40,12:31 AM,12:37 PM,06:39 AM,06:02 PM,21,26,26,24,17,65,84,0.1,1014,24,10,98,11,nellore
2020-01-18 09:00:00,28,23,0.0,5.8,6,40,12:31 AM,12:37 PM,06:39 AM,06:02 PM,21,28,28,26,18,73,74,0.3,1015,26,9,102,14,nellore
2020-01-18 12:00:00,28,23,0.0,5.8,6,40,12:31 AM,12:37 PM,06:39 AM,06:02 PM,21,30,30,28,22,79,67,0.4,1014,28,9,94,19,nellore
2020-01-18 15:00:00,28,23,0.0,5.8,6,40,12:31 AM,12:37 PM,06:39 AM,06:02 PM,21,29,29,27,22,82,68,0.1,1012,27,10,91,18,nellore
2020-01-18 18:00:00,28,23,0.0,5.8,6,40,12:31 AM,12:37 PM,06:39 AM,06:02 PM,21,27,27,25,21,66,79,0.1,1013,25,10,85,14,nellore
2020-01-18 21:00:00,28,23,0.0,5.8,6,40,12:31 AM,12:37 PM,06:39 AM,06:02 PM,21,26,26,23,17,46,85,0.0,1014,23,10,87,9,nellore
2020-01-19 00:00:00,28,22,0.0,11.6,7,32,01:27 AM,01:23 PM,06:39 AM,06:02 PM,20,25,25,23,10,30,86,0.0,1014,23,10,88,5,nellore
2020-01-19 03:00:00,28,22,0.0,11.6,7,32,01:27 AM,01:23 PM,06:39 AM,06:02 PM,20,25,25,22,4,20,86,0.0,1012,22,10,77,2,nellore
2020-01-19 06:00:00,28,22,0.0,11.6,7,32,01:27 AM,01:23 PM,06:39 AM,06:02 PM,19,25,25,23,2,19,81,0.0,1013,23,10,105,1,nellore
2020-01-19 09:00:00,28,22,0.0,11.6,7,32,01:27 AM,01:23 PM,06:39 AM,06:02 PM,19,28,28,26,6,9,66,0.0,1015,26,10,147,5,nellore
2020-01-19 12:00:00,28,22,0.0,11.6,7,32,01:27 AM,01:23 PM,06:39 AM,06:02 PM,18,29,29,28,15,5,54,0.0,1014,28,10,86,14,nellore
2020-01-19 15:00:00,28,22,0.0,11.6,7,32,01:27 AM,01:23 PM,06:39 AM,06:02 PM,18,29,29,27,18,3,58,0.0,1012,27,10,77,14,nellore
2020-01-19 18:00:00,28,22,0.0,11.6,7,32,01:27 AM,01:23 PM,06:39 AM,06:02 PM,19,26,26,25,17,0,70,0.0,1013,25,10,69,11,nellore
2020-01-19 21:00:00,28,22,0.0,11.6,7,32,01:27 AM,01:23 PM,06:39 AM,06:02 PM,19,25,25,24,12,1,75,0.0,1015,24,10,76,7,nellore
2020-01-20 00:00:00,29,23,0.0,11.6,7,25,02:23 AM,02:10 PM,06:39 AM,06:03 PM,20,25,25,23,8,6,82,0.0,1014,23,10,116,5,nellore
2020-01-20 03:00:00,29,23,0.0,11.6,7,25,02:23 AM,02:10 PM,06:39 AM,06:03 PM,20,25,25,23,5,6,85,0.0,1013,23,10,177,3,nellore
2020-01-20 06:00:00,29,23,0.0,11.6,7,25,02:23 AM,02:10 PM,06:39 AM,06:03 PM,20,26,26,23,4,3,83,0.0,1014,23,10,225,3,nellore
2020-01-20 09:00:00,29,23,0.0,11.6,7,25,02:23 AM,02:10 PM,06:39 AM,06:03 PM,20,28,28,27,9,1,68,0.0,1016,27,10,182,8,nellore
2020-01-20 12:00:00,29,23,0.0,11.6,7,25,02:23 AM,02:10 PM,06:39 AM,06:03 PM,18,30,30,29,16,0,53,0.0,1014,29,10,90,14,nellore
2020-01-20 15:00:00,29,23,0.0,11.6,7,25,02:23 AM,02:10 PM,06:39 AM,06:03 PM,18,29,29,28,18,0,57,0.0,1013,28,10,85,14,nellore
2020-01-20 18:00:00,29,23,0.0,11.6,7,25,02:23 AM,02:10 PM,06:39 AM,06:03 PM,19,27,27,25,16,0,70,0.0,1014,25,10,84,10,nellore
2020-01-20 21:00:00,29,23,0.0,11.6,7,25,02:23 AM,02:10 PM,06:39 AM,06:03 PM,20,26,26,24,12,0,77,0.0,1016,24,10,93,7,nellore
2020-01-21 00:00:00,29,22,0.0,11.6,7,18,03:21 AM,03:00 PM,06:39 AM,06:03 PM,21,26,26,24,10,2,82,0.0,1016,24,10,122,6,nellore
2020-01-21 03:00:00,29,22,0.0,11.6,7,18,03:21 AM,03:00 PM,06:39 AM,06:03 PM,21,26,26,24,5,2,84,0.0,1014,24,10,175,4,nellore
2020-01-21 06:00:00,29,22,0.0,11.6,7,18,03:21 AM,03:00 PM,06:39 AM,06:03 PM,20,26,26,24,2,3,81,0.0,1015,24,10,258,1,nellore
2020-01-21 09:00:00,29,22,0.0,11.6,7,18,03:21 AM,03:00 PM,06:39 AM,06:03 PM,19,28,28,27,8,2,65,0.0,1017,27,10,233,7,nellore
2020-01-21 12:00:00,29,22,0.0,11.6,7,18,03:21 AM,03:00 PM,06:39 AM,06:03 PM,18,30,30,29,20,0,53,0.0,1016,29,10,83,17,nellore
2020-01-21 15:00:00,29,22,0.0,11.6,7,18,03:21 AM,03:00 PM,06:39 AM,06:03 PM,19,29,29,28,21,7,60,0.0,1014,28,10,78,17,nellore
2020-01-21 18:00:00,29,22,0.0,11.6,7,18,03:21 AM,03:00 PM,06:39 AM,06:03 PM,20,27,27,25,20,34,75,0.0,1015,25,10,81,13,nellore
2020-01-21 21:00:00,29,22,0.0,11.6,7,18,03:21 AM,03:00 PM,06:39 AM,06:03 PM,20,22,24,22,18,59,81,0.0,1017,22,10,93,10,nellore
2020-01-22 00:00:00,28,20,0.0,11.6,7,11,04:17 AM,03:52 PM,06:39 AM,06:04 PM,20,20,24,20,13,73,84,0.0,1017,20,10,100,7,nellore
2020-01-22 03:00:00,28,20,0.0,11.6,7,11,04:17 AM,03:52 PM,06:39 AM,06:04 PM,20,25,25,22,8,49,85,0.0,1016,22,10,80,4,nellore
2020-01-22 06:00:00,28,20,0.0,11.6,7,11,04:17 AM,03:52 PM,06:39 AM,06:04 PM,19,25,25,23,9,42,80,0.0,1017,23,10,46,6,nellore
2020-01-22 09:00:00,28,20,0.0,11.6,7,11,04:17 AM,03:52 PM,06:39 AM,06:04 PM,20,28,28,26,17,45,66,0.0,1018,26,10,60,13,nellore
2020-01-22 12:00:00,28,20,0.0,11.6,7,11,04:17 AM,03:52 PM,06:39 AM,06:04 PM,19,30,30,28,22,12,59,0.0,1017,28,10,67,19,nellore
2020-01-22 15:00:00,28,20,0.0,11.6,7,11,04:17 AM,03:52 PM,06:39 AM,06:04 PM,20,29,29,27,22,9,64,0.0,1014,27,10,74,18,nellore
2020-01-22 18:00:00,28,20,0.0,11.6,7,11,04:17 AM,03:52 PM,06:39 AM,06:04 PM,20,26,26,24,18,30,79,0.0,1015,24,10,86,12,nellore
2020-01-22 21:00:00,28,20,0.0,11.6,7,11,04:17 AM,03:52 PM,06:39 AM,06:04 PM,20,25,25,23,9,29,86,0.0,1017,23,10,81,5,nellore
2020-01-23 00:00:00,28,21,0.0,11.6,7,3,05:13 AM,04:46 PM,06:39 AM,06:05 PM,20,25,25,22,7,77,88,0.0,1016,22,10,149,4,nellore
2020-01-23 03:00:00,28,21,0.0,11.6,7,3,05:13 AM,04:46 PM,06:39 AM,06:05 PM,20,21,23,21,9,42,91,0.0,1015,21,7,288,5,nellore
2020-01-23 06:00:00,28,21,0.0,11.6,7,3,05:13 AM,04:46 PM,06:39 AM,06:05 PM,20,21,22,21,12,28,90,0.0,1015,21,5,314,7,nellore
2020-01-23 09:00:00,28,21,0.0,11.6,7,3,05:13 AM,04:46 PM,06:39 AM,06:05 PM,19,27,27,25,10,32,73,0.0,1017,25,10,239,9,nellore
2020-01-23 12:00:00,28,21,0.0,11.6,7,3,05:13 AM,04:46 PM,06:39 AM,06:05 PM,18,29,29,28,16,1,54,0.0,1015,28,10,69,14,nellore
2020-01-23 15:00:00,28,21,0.0,11.6,7,3,05:13 AM,04:46 PM,06:39 AM,06:05 PM,18,29,29,28,17,0,55,0.0,1013,28,10,73,14,nellore
2020-01-23 18:00:00,28,21,0.0,11.6,7,3,05:13 AM,04:46 PM,06:39 AM,06:05 PM,19,27,27,25,12,0,68,0.0,1014,25,10,77,8,nellore
2020-01-23 21:00:00,28,21,0.0,11.6,7,3,05:13 AM,04:46 PM,06:39 AM,06:05 PM,20,26,26,25,6,0,78,0.0,1016,25,10,125,4,nellore
2020-01-24 00:00:00,29,21,0.0,11.6,7,0,06:06 AM,05:40 PM,06:39 AM,06:05 PM,20,25,25,23,5,0,83,0.0,1015,23,10,312,3,nellore
2020-01-24 03:00:00,29,21,0.0,11.6,7,0,06:06 AM,05:40 PM,06:39 AM,06:05 PM,19,21,23,21,10,0,89,0.0,1014,21,10,254,6,nellore
2020-01-24 06:00:00,29,21,0.0,11.6,7,0,06:06 AM,05:40 PM,06:39 AM,06:05 PM,19,23,23,22,8,0,84,0.0,1015,22,10,260,5,nellore
2020-01-24 09:00:00,29,21,0.0,11.6,7,0,06:06 AM,05:40 PM,06:39 AM,06:05 PM,18,27,27,26,9,0,63,0.0,1016,26,10,183,8,nellore
2020-01-24 12:00:00,29,21,0.0,11.6,7,0,06:06 AM,05:40 PM,06:39 AM,06:05 PM,16,29,29,29,14,0,47,0.0,1015,29,10,80,12,nellore
2020-01-24 15:00:00,29,21,0.0,11.6,7,0,06:06 AM,05:40 PM,06:39 AM,06:05 PM,17,28,28,28,16,0,52,0.0,1013,28,10,86,13,nellore
2020-01-24 18:00:00,29,21,0.0,11.6,7,0,06:06 AM,05:40 PM,06:39 AM,06:05 PM,18,26,26,25,15,0,65,0.0,1013,25,10,94,10,nellore
2020-01-24 21:00:00,29,21,0.0,11.6,7,0,06:06 AM,05:40 PM,06:39 AM,06:05 PM,19,26,26,24,9,0,73,0.0,1015,24,10,144,5,nellore
2020-01-25 00:00:00,29,20,0.0,11.6,7,0,06:55 AM,06:33 PM,06:39 AM,06:06 PM,18,23,23,22,13,0,76,0.0,1015,22,10,194,6,nellore
2020-01-25 03:00:00,29,20,0.0,11.6,7,0,06:55 AM,06:33 PM,06:39 AM,06:06 PM,16,20,20,20,17,0,80,0.0,1013,20,10,226,8,nellore
2020-01-25 06:00:00,29,20,0.0,11.6,7,0,06:55 AM,06:33 PM,06:39 AM,06:06 PM,17,22,22,22,7,0,76,0.0,1014,22,10,247,4,nellore
2020-01-25 09:00:00,29,20,0.0,11.6,7,0,06:55 AM,06:33 PM,06:39 AM,06:06 PM,17,27,27,26,6,0,58,0.0,1016,26,10,217,5,nellore
2020-01-25 12:00:00,29,20,0.0,11.6,7,0,06:55 AM,06:33 PM,06:39 AM,06:06 PM,15,29,29,29,13,0,45,0.0,1014,29,10,109,12,nellore
2020-01-25 15:00:00,29,20,0.0,11.6,7,0,06:55 AM,06:33 PM,06:39 AM,06:06 PM,16,28,28,28,17,0,51,0.0,1012,28,10,114,14,nellore
2020-01-25 18:00:00,29,20,0.0,11.6,7,0,06:55 AM,06:33 PM,06:39 AM,06:06 PM,17,26,26,24,21,0,63,0.0,1013,24,10,122,12,nellore
2020-01-25 21:00:00,29,20,0.0,11.6,7,0,06:55 AM,06:33 PM,06:39 AM,06:06 PM,17,25,25,22,24,0,71,0.0,1015,22,10,150,12,nellore
2020-01-26 00:00:00,29,20,0.0,11.6,7,4,07:41 AM,07:25 PM,06:39 AM,06:06 PM,16,21,23,21,22,0,72,0.0,1014,21,10,182,11,nellore
2020-01-26 03:00:00,29,20,0.0,11.6,7,4,07:41 AM,07:25 PM,06:39 AM,06:06 PM,15,20,20,20,21,0,73,0.0,1012,20,10,202,10,nellore
2020-01-26 06:00:00,29,20,0.0,11.6,7,4,07:41 AM,07:25 PM,06:39 AM,06:06 PM,15,21,21,21,18,0,69,0.0,1013,21,10,197,10,nellore
2020-01-26 09:00:00,29,20,0.0,11.6,7,4,07:41 AM,07:25 PM,06:39 AM,06:06 PM,15,26,26,25,14,0,54,0.0,1015,25,10,182,11,nellore
2020-01-26 12:00:00,29,20,0.0,11.6,7,4,07:41 AM,07:25 PM,06:39 AM,06:06 PM,15,29,29,29,13,0,43,0.0,1013,29,10,146,11,nellore
2020-01-26 15:00:00,29,20,0.0,11.6,7,4,07:41 AM,07:25 PM,06:39 AM,06:06 PM,17,29,29,28,17,0,51,0.0,1011,28,10,121,13,nellore
2020-01-26 18:00:00,29,20,0.0,11.6,7,4,07:41 AM,07:25 PM,06:39 AM,06:06 PM,19,26,26,24,22,0,71,0.0,1011,24,10,114,13,nellore
2020-01-26 21:00:00,29,20,0.0,11.6,7,4,07:41 AM,07:25 PM,06:39 AM,06:06 PM,19,25,25,23,23,0,80,0.0,1013,23,10,137,12,nellore
2020-01-27 00:00:00,29,20,0.0,11.6,7,11,08:23 AM,08:14 PM,06:39 AM,06:07 PM,18,22,23,22,23,1,82,0.0,1013,22,10,186,12,nellore
2020-01-27 03:00:00,29,20,0.0,11.6,7,11,08:23 AM,08:14 PM,06:39 AM,06:07 PM,18,20,20,20,23,2,84,0.0,1011,20,10,194,11,nellore
2020-01-27 06:00:00,29,20,0.0,11.6,7,11,08:23 AM,08:14 PM,06:39 AM,06:07 PM,17,21,22,21,19,1,78,0.0,1012,21,10,186,11,nellore
2020-01-27 09:00:00,29,20,0.0,11.6,7,11,08:23 AM,08:14 PM,06:39 AM,06:07 PM,18,27,27,26,16,2,62,0.0,1013,26,10,171,13,nellore
2020-01-27 12:00:00,29,20,0.0,11.6,7,11,08:23 AM,08:14 PM,06:39 AM,06:07 PM,19,31,31,29,20,1,52,0.0,1012,29,10,141,17,nellore
2020-01-27 15:00:00,29,20,0.0,11.6,7,11,08:23 AM,08:14 PM,06:39 AM,06:07 PM,20,30,30,28,25,1,59,0.0,1010,28,10,131,20,nellore
2020-01-27 18:00:00,29,20,0.0,11.6,7,11,08:23 AM,08:14 PM,06:39 AM,06:07 PM,20,27,27,25,28,0,75,0.0,1011,25,10,139,18,nellore
2020-01-27 21:00:00,29,20,0.0,11.6,7,11,08:23 AM,08:14 PM,06:39 AM,06:07 PM,20,25,25,23,27,0,83,0.0,1012,23,10,155,14,nellore
2020-01-28 00:00:00,30,21,0.0,11.6,7,18,09:03 AM,09:02 PM,06:39 AM,06:07 PM,19,22,25,22,23,0,84,0.0,1012,22,10,172,12,nellore
2020-01-28 03:00:00,30,21,0.0,11.6,7,18,09:03 AM,09:02 PM,06:39 AM,06:07 PM,18,21,23,21,29,0,85,0.0,1011,21,10,175,15,nellore
2020-01-28 06:00:00,30,21,0.0,11.6,7,18,09:03 AM,09:02 PM,06:39 AM,06:07 PM,18,22,23,22,30,0,80,0.0,1012,22,10,177,17,nellore
2020-01-28 09:00:00,30,21,0.0,11.6,7,18,09:03 AM,09:02 PM,06:39 AM,06:07 PM,19,27,27,26,25,0,67,0.0,1014,26,10,188,19,nellore
2020-01-28 12:00:00,30,21,0.0,11.6,7,18,09:03 AM,09:02 PM,06:39 AM,06:07 PM,18,31,31,30,19,0,50,0.0,1013,30,10,186,17,nellore
2020-01-28 15:00:00,30,21,0.0,11.6,7,18,09:03 AM,09:02 PM,06:39 AM,06:07 PM,18,31,31,29,22,0,52,0.0,1011,29,10,165,17,nellore
2020-01-28 18:00:00,30,21,0.0,11.6,7,18,09:03 AM,09:02 PM,06:39 AM,06:07 PM,20,27,27,25,31,1,73,0.0,1012,25,10,140,20,nellore
2020-01-28 21:00:00,30,21,0.0,11.6,7,18,09:03 AM,09:02 PM,06:39 AM,06:07 PM,20,26,26,24,33,0,80,0.0,1014,24,10,151,19,nellore
2020-01-29 00:00:00,30,22,0.0,11.6,7,26,09:40 AM,09:48 PM,06:39 AM,06:08 PM,20,25,25,23,27,1,84,0.0,1014,23,10,166,15,nellore
2020-01-29 03:00:00,30,22,0.0,11.6,7,26,09:40 AM,09:48 PM,06:39 AM,06:08 PM,20,22,23,22,28,4,89,0.0,1013,22,10,179,15,nellore
2020-01-29 06:00:00,30,22,0.0,11.6,7,26,09:40 AM,09:48 PM,06:39 AM,06:08 PM,19,22,22,22,24,9,86,0.0,1013,22,10,190,14,nellore
2020-01-29 09:00:00,30,22,0.0,11.6,7,26,09:40 AM,09:48 PM,06:39 AM,06:08 PM,19,28,28,26,21,8,66,0.0,1015,26,10,180,17,nellore
2020-01-29 12:00:00,30,22,0.0,11.6,7,26,09:40 AM,09:48 PM,06:39 AM,06:08 PM,18,31,31,30,21,0,50,0.0,1014,30,10,160,18,nellore
2020-01-29 15:00:00,30,22,0.0,11.6,7,26,09:40 AM,09:48 PM,06:39 AM,06:08 PM,19,31,31,29,25,0,58,0.0,1012,29,10,133,20,nellore
2020-01-29 18:00:00,30,22,0.0,11.6,7,26,09:40 AM,09:48 PM,06:39 AM,06:08 PM,20,27,27,25,29,0,74,0.0,1012,25,10,132,19,nellore
2020-01-29 21:00:00,30,22,0.0,11.6,7,26,09:40 AM,09:48 PM,06:39 AM,06:08 PM,20,26,26,24,28,1,82,0.0,1014,24,10,148,15,nellore
2020-01-30 00:00:00,31,21,0.0,11.6,7,33,10:15 AM,10:34 PM,06:38 AM,06:08 PM,20,25,25,23,25,5,86,0.0,1013,23,10,176,13,nellore
2020-01-30 03:00:00,31,21,0.0,11.6,7,33,10:15 AM,10:34 PM,06:38 AM,06:08 PM,19,21,23,21,25,7,89,0.0,1012,21,10,178,13,nellore
2020-01-30 06:00:00,31,21,0.0,11.6,7,33,10:15 AM,10:34 PM,06:38 AM,06:08 PM,19,22,23,22,20,5,83,0.0,1013,22,10,179,12,nellore
2020-01-30 09:00:00,31,21,0.0,11.6,7,33,10:15 AM,10:34 PM,06:38 AM,06:08 PM,18,28,28,27,18,5,61,0.0,1014,27,10,179,15,nellore
2020-01-30 12:00:00,31,21,0.0,11.6,7,33,10:15 AM,10:34 PM,06:38 AM,06:08 PM,16,32,32,31,17,4,40,0.0,1013,31,10,170,14,nellore
2020-01-30 15:00:00,31,21,0.0,11.6,7,33,10:15 AM,10:34 PM,06:38 AM,06:08 PM,18,31,31,30,20,4,49,0.0,1010,30,10,137,16,nellore
2020-01-30 18:00:00,31,21,0.0,11.6,7,33,10:15 AM,10:34 PM,06:38 AM,06:08 PM,21,28,28,26,28,5,75,0.0,1010,26,10,122,19,nellore
2020-01-30 21:00:00,31,21,0.0,11.6,7,33,10:15 AM,10:34 PM,06:38 AM,06:08 PM,21,26,26,24,27,5,81,0.0,1012,24,10,137,15,nellore
2020-01-31 00:00:00,31,22,0.0,11.6,7,37,10:51 AM,11:20 PM,06:38 AM,06:08 PM,21,25,25,23,18,4,86,0.0,1012,23,10,160,9,nellore
2020-01-31 03:00:00,31,22,0.0,11.6,7,37,10:51 AM,11:20 PM,06:38 AM,06:08 PM,20,25,25,22,17,5,90,0.0,1011,22,10,175,9,nellore
2020-01-31 06:00:00,31,22,0.0,11.6,7,37,10:51 AM,11:20 PM,06:38 AM,06:08 PM,20,25,25,22,20,7,86,0.0,1012,22,10,175,12,nellore
2020-01-31 09:00:00,31,22,0.0,11.6,7,37,10:51 AM,11:20 PM,06:38 AM,06:08 PM,19,28,28,27,19,5,65,0.0,1013,27,10,176,15,nellore
2020-01-31 12:00:00,31,22,0.0,11.6,7,37,10:51 AM,11:20 PM,06:38 AM,06:08 PM,18,32,32,31,21,4,46,0.0,1012,31,10,153,19,nellore
2020-01-31 15:00:00,31,22,0.0,11.6,7,37,10:51 AM,11:20 PM,06:38 AM,06:08 PM,19,31,31,29,27,4,55,0.0,1010,29,10,125,22,nellore
2020-01-31 18:00:00,31,22,0.0,11.6,7,37,10:51 AM,11:20 PM,06:38 AM,06:08 PM,20,28,28,26,30,4,74,0.0,1010,26,10,120,19,nellore
2020-01-31 21:00:00,31,22,0.0,11.6,7,37,10:51 AM,11:20 PM,06:38 AM,06:08 PM,21,26,26,24,29,4,82,0.0,1012,24,10,124,15,nellore
2020-02-01 00:00:00,30,22,0.0,11.6,7,49,11:28 AM,No moonset,06:38 AM,06:09 PM,20,25,25,23,26,4,83,0.0,1012,23,10,132,13,nellore
2020-02-01 03:00:00,30,22,0.0,11.6,7,49,11:28 AM,No moonset,06:38 AM,06:09 PM,20,22,25,22,21,12,89,0.0,1011,22,10,168,10,nellore
2020-02-01 06:00:00,30,22,0.0,11.6,7,49,11:28 AM,No moonset,06:38 AM,06:09 PM,20,25,25,22,18,30,87,0.0,1012,22,10,182,10,nellore
2020-02-01 09:00:00,30,22,0.0,11.6,7,49,11:28 AM,No moonset,06:38 AM,06:09 PM,20,28,28,26,17,35,69,0.0,1014,26,10,168,14,nellore
2020-02-01 12:00:00,30,22,0.0,11.6,7,49,11:28 AM,No moonset,06:38 AM,06:09 PM,19,31,31,30,23,3,53,0.0,1013,30,10,134,20,nellore
2020-02-01 15:00:00,30,22,0.0,11.6,7,49,11:28 AM,No moonset,06:38 AM,06:09 PM,19,30,30,28,25,1,58,0.0,1011,28,10,120,21,nellore
2020-02-01 18:00:00,30,22,0.0,11.6,7,49,11:28 AM,No moonset,06:38 AM,06:09 PM,20,27,27,25,25,4,73,0.0,1013,25,10,111,16,nellore
2020-02-01 21:00:00,30,22,0.0,11.6,7,49,11:28 AM,No moonset,06:38 AM,06:09 PM,20,26,26,24,23,12,81,0.0,1015,24,10,113,13,nellore
2020-02-02 00:00:00,29,22,0.0,11.6,7,57,12:06 PM,12:07 AM,06:38 AM,06:09 PM,20,25,25,23,25,28,86,0.0,1014,23,10,126,13,nellore
2020-02-02 03:00:00,29,22,0.0,11.6,7,57,12:06 PM,12:07 AM,06:38 AM,06:09 PM,20,25,25,22,24,37,88,0.0,1013,22,10,132,12,nellore
2020-02-02 06:00:00,29,22,0.0,11.6,7,57,12:06 PM,12:07 AM,06:38 AM,06:09 PM,20,26,26,23,19,49,84,0.0,1014,23,10,138,12,nellore
2020-02-02 09:00:00,29,22,0.0,11.6,7,57,12:06 PM,12:07 AM,06:38 AM,06:09 PM,20,28,28,27,19,44,66,0.0,1017,27,10,135,17,nellore
2020-02-02 12:00:00,29,22,0.0,11.6,7,57,12:06 PM,12:07 AM,06:38 AM,06:09 PM,18,30,30,29,24,0,53,0.0,1015,29,10,126,21,nellore
2020-02-02 15:00:00,29,22,0.0,11.6,7,57,12:06 PM,12:07 AM,06:38 AM,06:09 PM,18,29,29,28,23,0,57,0.0,1013,28,10,125,19,nellore
2020-02-02 18:00:00,29,22,0.0,11.6,7,57,12:06 PM,12:07 AM,06:38 AM,06:09 PM,19,27,27,25,21,3,71,0.0,1014,25,10,123,14,nellore
2020-02-02 21:00:00,29,22,0.0,11.6,7,57,12:06 PM,12:07 AM,06:38 AM,06:09 PM,19,25,25,23,15,21,82,0.0,1016,23,10,123,8,nellore
2020-02-03 00:00:00,29,22,0.0,11.6,7,64,12:47 PM,12:56 AM,06:38 AM,06:10 PM,19,25,25,23,8,20,82,0.0,1016,23,10,141,4,nellore
2020-02-03 03:00:00,29,22,0.0,11.6,7,64,12:47 PM,12:56 AM,06:38 AM,06:10 PM,19,22,23,22,5,31,85,0.0,1015,22,10,205,3,nellore
2020-02-03 06:00:00,29,22,0.0,11.6,7,64,12:47 PM,12:56 AM,06:38 AM,06:10 PM,19,23,23,22,7,27,83,0.0,1015,22,10,242,4,nellore
2020-02-03 09:00:00,29,22,0.0,11.6,7,64,12:47 PM,12:56 AM,06:38 AM,06:10 PM,19,27,27,26,10,22,66,0.0,1017,26,10,185,8,nellore
2020-02-03 12:00:00,29,22,0.0,11.6,7,64,12:47 PM,12:56 AM,06:38 AM,06:10 PM,18,30,30,29,19,8,52,0.0,1015,29,10,105,17,nellore
2020-02-03 15:00:00,29,22,0.0,11.6,7,64,12:47 PM,12:56 AM,06:38 AM,06:10 PM,18,29,29,28,19,3,56,0.0,1013,28,10,101,16,nellore
2020-02-03 18:00:00,29,22,0.0,11.6,7,64,12:47 PM,12:56 AM,06:38 AM,06:10 PM,19,27,27,25,19,6,68,0.0,1013,25,10,108,13,nellore
2020-02-03 21:00:00,29,22,0.0,11.6,7,64,12:47 PM,12:56 AM,06:38 AM,06:10 PM,19,25,25,23,17,24,80,0.0,1015,23,10,121,9,nellore
2020-02-04 00:00:00,29,21,0.0,11.6,7,72,01:32 PM,01:48 AM,06:38 AM,06:10 PM,18,25,25,22,11,14,78,0.0,1015,22,10,163,6,nellore
2020-02-04 03:00:00,29,21,0.0,11.6,7,72,01:32 PM,01:48 AM,06:38 AM,06:10 PM,18,21,23,21,13,38,81,0.0,1014,21,10,208,7,nellore
2020-02-04 06:00:00,29,21,0.0,11.6,7,72,01:32 PM,01:48 AM,06:38 AM,06:10 PM,17,22,22,22,10,43,77,0.0,1014,22,10,214,6,nellore
2020-02-04 09:00:00,29,21,0.0,11.6,7,72,01:32 PM,01:48 AM,06:38 AM,06:10 PM,18,27,27,26,12,12,62,0.0,1016,26,10,175,10,nellore
2020-02-04 12:00:00,29,21,0.0,11.6,7,72,01:32 PM,01:48 AM,06:38 AM,06:10 PM,17,29,29,29,20,3,48,0.0,1014,29,10,114,17,nellore
2020-02-04 15:00:00,29,21,0.0,11.6,7,72,01:32 PM,01:48 AM,06:38 AM,06:10 PM,17,29,29,28,21,0,52,0.0,1012,28,10,109,17,nellore
2020-02-04 18:00:00,29,21,0.0,11.6,7,72,01:32 PM,01:48 AM,06:38 AM,06:10 PM,18,26,26,25,22,0,65,0.0,1012,25,10,112,14,nellore
2020-02-04 21:00:00,29,21,0.0,11.6,7,72,01:32 PM,01:48 AM,06:38 AM,06:10 PM,19,25,25,23,19,15,78,0.0,1014,23,10,125,10,nellore
2020-02-05 00:00:00,29,21,0.0,11.6,7,79,02:22 PM,02:42 AM,06:37 AM,06:11 PM,19,25,25,22,19,20,81,0.0,1014,22,10,131,9,nellore
2020-02-05 03:00:00,29,21,0.0,11.6,7,79,02:22 PM,02:42 AM,06:37 AM,06:11 PM,19,21,23,21,14,36,85,0.0,1013,21,10,161,7,nellore
2020-02-05 06:00:00,29,21,0.0,11.6,7,79,02:22 PM,02:42 AM,06:37 AM,06:11 PM,19,22,23,22,10,8,81,0.0,1014,22,10,200,6,nellore
2020-02-05 09:00:00,29,21,0.0,11.6,7,79,02:22 PM,02:42 AM,06:37 AM,06:11 PM,18,27,27,26,12,4,64,0.0,1015,26,10,177,11,nellore
2020-02-05 12:00:00,29,21,0.0,11.6,7,79,02:22 PM,02:42 AM,06:37 AM,06:11 PM,17,30,30,29,22,0,48,0.0,1013,29,10,128,19,nellore
2020-02-05 15:00:00,29,21,0.0,11.6,7,79,02:22 PM,02:42 AM,06:37 AM,06:11 PM,17,29,29,28,23,0,52,0.0,1011,28,10,128,19,nellore
2020-02-05 18:00:00,29,21,0.0,11.6,7,79,02:22 PM,02:42 AM,06:37 AM,06:11 PM,19,27,27,25,24,0,68,0.0,1012,25,10,125,15,nellore
2020-02-05 21:00:00,29,21,0.0,11.6,7,79,02:22 PM,02:42 AM,06:37 AM,06:11 PM,19,25,25,23,22,0,80,0.0,1014,23,10,129,11,nellore
2020-02-06 00:00:00,30,21,0.0,11.6,7,87,03:18 PM,03:40 AM,06:37 AM,06:11 PM,19,25,25,22,22,0,82,0.0,1014,22,10,158,11,nellore
2020-02-06 03:00:00,30,21,0.0,11.6,7,87,03:18 PM,03:40 AM,06:37 AM,06:11 PM,19,21,23,21,23,0,86,0.0,1013,21,10,181,11,nellore
2020-02-06 06:00:00,30,21,0.0,11.6,7,87,03:18 PM,03:40 AM,06:37 AM,06:11 PM,18,22,22,22,24,0,82,0.0,1013,22,10,185,14,nellore
2020-02-06 09:00:00,30,21,0.0,11.6,7,87,03:18 PM,03:40 AM,06:37 AM,06:11 PM,18,28,28,26,24,0,61,0.0,1015,26,10,169,19,nellore
2020-02-06 12:00:00,30,21,0.0,11.6,7,87,03:18 PM,03:40 AM,06:37 AM,06:11 PM,17,31,31,30,23,1,45,0.0,1014,30,10,151,21,nellore
2020-02-06 15:00:00,30,21,0.0,11.6,7,87,03:18 PM,03:40 AM,06:37 AM,06:11 PM,18,30,30,29,28,1,52,0.0,1011,29,10,134,22,nellore
2020-02-06 18:00:00,30,21,0.0,11.6,7,87,03:18 PM,03:40 AM,06:37 AM,06:11 PM,19,27,27,26,31,1,68,0.0,1012,26,10,136,20,nellore
2020-02-06 21:00:00,30,21,0.0,11.6,7,87,03:18 PM,03:40 AM,06:37 AM,06:11 PM,19,26,26,24,30,3,76,0.0,1013,24,10,143,16,nellore
2020-02-07 00:00:00,30,22,0.0,11.6,7,95,04:17 PM,04:38 AM,06:37 AM,06:11 PM,20,25,25,23,29,5,83,0.0,1013,23,10,162,15,nellore
2020-02-07 03:00:00,30,22,0.0,11.6,7,95,04:17 PM,04:38 AM,06:37 AM,06:11 PM,20,22,25,22,24,11,87,0.0,1012,22,10,181,13,nellore
2020-02-07 06:00:00,30,22,0.0,11.6,7,95,04:17 PM,04:38 AM,06:37 AM,06:11 PM,19,25,25,23,25,17,82,0.0,1014,23,10,188,15,nellore
2020-02-07 09:00:00,30,22,0.0,11.6,7,95,04:17 PM,04:38 AM,06:37 AM,06:11 PM,19,28,28,27,25,12,62,0.0,1015,27,10,179,21,nellore
2020-02-07 12:00:00,30,22,0.0,11.6,7,95,04:17 PM,04:38 AM,06:37 AM,06:11 PM,19,32,32,30,26,3,49,0.0,1014,30,10,157,23,nellore
2020-02-07 15:00:00,30,22,0.0,11.6,7,95,04:17 PM,04:38 AM,06:37 AM,06:11 PM,19,31,31,29,30,4,54,0.0,1011,29,10,139,24,nellore
2020-02-07 18:00:00,30,22,0.0,11.6,7,95,04:17 PM,04:38 AM,06:37 AM,06:11 PM,20,28,28,26,34,6,69,0.0,1012,26,10,136,23,nellore
2020-02-07 21:00:00,30,22,0.0,11.6,7,95,04:17 PM,04:38 AM,06:37 AM,06:11 PM,20,27,27,25,35,8,75,0.0,1013,25,10,144,21,nellore
2020-02-08 00:00:00,30,22,0.0,11.6,7,100,05:20 PM,05:37 AM,06:37 AM,06:12 PM,20,25,25,23,25,19,82,0.0,1014,23,10,158,14,nellore
2020-02-08 03:00:00,30,22,0.0,11.6,7,100,05:20 PM,05:37 AM,06:37 AM,06:12 PM,19,22,24,22,22,39,85,0.0,1013,22,10,180,12,nellore
2020-02-08 06:00:00,30,22,0.0,11.6,7,100,05:20 PM,05:37 AM,06:37 AM,06:12 PM,19,23,23,22,21,32,81,0.0,1014,22,10,185,12,nellore
2020-02-08 09:00:00,30,22,0.0,11.6,7,100,05:20 PM,05:37 AM,06:37 AM,06:12 PM,19,28,28,26,24,17,64,0.0,1016,26,10,169,18,nellore
2020-02-08 12:00:00,30,22,0.0,11.6,7,100,05:20 PM,05:37 AM,06:37 AM,06:12 PM,19,32,32,30,26,5,50,0.0,1014,30,10,145,23,nellore
2020-02-08 15:00:00,30,22,0.0,11.6,7,100,05:20 PM,05:37 AM,06:37 AM,06:12 PM,20,30,30,29,30,6,59,0.0,1011,29,10,125,24,nellore
2020-02-08 18:00:00,30,22,0.0,11.6,7,100,05:20 PM,05:37 AM,06:37 AM,06:12 PM,20,28,28,26,32,11,69,0.0,1013,26,10,124,22,nellore
2020-02-08 21:00:00,30,22,0.0,11.6,7,100,05:20 PM,05:37 AM,06:37 AM,06:12 PM,20,26,26,24,28,26,74,0.0,1014,24,10,130,18,nellore
2020-02-09 00:00:00,29,23,0.0,7.3,7,100,06:24 PM,06:33 AM,06:36 AM,06:12 PM,20,25,25,23,22,41,79,0.0,1015,23,10,142,12,nellore
2020-02-09 03:00:00,29,23,0.0,7.3,7,100,06:24 PM,06:33 AM,06:36 AM,06:12 PM,20,25,25,24,16,55,80,0.0,1014,24,10,153,9,nellore
2020-02-09 06:00:00,29,23,0.0,7.3,7,100,06:24 PM,06:33 AM,06:36 AM,06:12 PM,20,26,26,25,9,57,75,0.0,1016,25,10,161,6,nellore
2020-02-09 09:00:00,29,23,0.0,7.3,7,100,06:24 PM,06:33 AM,06:36 AM,06:12 PM,20,29,29,27,10,66,66,0.2,1017,27,10,138,9,nellore
2020-02-09 12:00:00,29,23,0.0,7.3,7,100,06:24 PM,06:33 AM,06:36 AM,06:12 PM,19,31,31,29,20,72,56,0.3,1016,29,10,102,17,nellore
2020-02-09 15:00:00,29,23,0.0,7.3,7,100,06:24 PM,06:33 AM,06:36 AM,06:12 PM,19,30,30,28,23,76,58,0.1,1013,28,10,95,19,nellore
2020-02-09 18:00:00,29,23,0.0,7.3,7,100,06:24 PM,06:33 AM,06:36 AM,06:12 PM,20,27,27,25,23,53,70,0.1,1015,25,10,94,15,nellore
2020-02-09 21:00:00,29,23,0.0,7.3,7,100,06:24 PM,06:33 AM,06:36 AM,06:12 PM,19,26,26,24,21,9,76,0.0,1016,24,10,99,11,nellore
2020-02-10 00:00:00,29,23,0.0,5.9,7,83,07:27 PM,07:27 AM,06:36 AM,06:13 PM,19,25,25,23,18,19,81,0.0,1016,23,10,98,10,nellore
2020-02-10 03:00:00,29,23,0.0,5.9,7,83,07:27 PM,07:27 AM,06:36 AM,06:13 PM,19,25,25,23,17,19,82,0.0,1014,23,10,99,9,nellore
2020-02-10 06:00:00,29,23,0.0,5.9,7,83,07:27 PM,07:27 AM,06:36 AM,06:13 PM,19,26,26,24,15,50,78,0.0,1015,24,10,102,9,nellore
2020-02-10 09:00:00,29,23,0.0,5.9,7,83,07:27 PM,07:27 AM,06:36 AM,06:13 PM,19,29,29,27,17,76,64,0.1,1017,27,10,102,14,nellore
2020-02-10 12:00:00,29,23,0.0,5.9,7,83,07:27 PM,07:27 AM,06:36 AM,06:13 PM,19,30,30,29,22,69,56,0.2,1015,29,10,99,19,nellore
2020-02-10 15:00:00,29,23,0.0,5.9,7,83,07:27 PM,07:27 AM,06:36 AM,06:13 PM,19,29,29,28,23,88,58,0.1,1013,28,10,93,19,nellore
2020-02-10 18:00:00,29,23,0.0,5.9,7,83,07:27 PM,07:27 AM,06:36 AM,06:13 PM,19,27,27,25,22,71,70,0.1,1014,25,10,88,15,nellore
2020-02-10 21:00:00,29,23,0.0,5.9,7,83,07:27 PM,07:27 AM,06:36 AM,06:13 PM,20,25,25,23,17,45,81,0.0,1016,23,10,87,9,nellore
2020-02-11 00:00:00,29,22,0.0,11.6,7,75,08:27 PM,08:16 AM,06:36 AM,06:13 PM,20,25,25,23,17,60,81,0.1,1015,23,10,93,9,nellore
2020-02-11 03:00:00,29,22,0.0,11.6,7,75,08:27 PM,08:16 AM,06:36 AM,06:13 PM,19,25,25,22,19,25,83,0.0,1014,22,10,98,10,nellore
2020-02-11 06:00:00,29,22,0.0,11.6,7,75,08:27 PM,08:16 AM,06:36 AM,06:13 PM,19,26,26,23,18,49,79,0.0,1015,23,10,99,11,nellore
2020-02-11 09:00:00,29,22,0.0,11.6,7,75,08:27 PM,08:16 AM,06:36 AM,06:13 PM,19,28,28,27,21,54,63,0.0,1017,27,10,93,17,nellore
2020-02-11 12:00:00,29,22,0.0,11.6,7,75,08:27 PM,08:16 AM,06:36 AM,06:13 PM,19,30,30,29,22,56,55,0.1,1016,29,10,90,19,nellore
2020-02-11 15:00:00,29,22,0.0,11.6,7,75,08:27 PM,08:16 AM,06:36 AM,06:13 PM,19,29,29,28,23,17,59,0.0,1014,28,10,85,19,nellore
2020-02-11 18:00:00,29,22,0.0,11.6,7,75,08:27 PM,08:16 AM,06:36 AM,06:13 PM,20,27,27,25,23,20,73,0.0,1015,25,10,70,15,nellore
2020-02-11 21:00:00,29,22,0.0,11.6,7,75,08:27 PM,08:16 AM,06:36 AM,06:13 PM,20,25,25,23,20,28,83,0.0,1017,23,10,65,11,nellore
2020-02-12 00:00:00,29,22,0.0,11.6,7,68,09:27 PM,09:04 AM,06:35 AM,06:13 PM,20,25,25,23,16,53,86,0.1,1017,23,10,67,8,nellore
2020-02-12 03:00:00,29,22,0.0,11.6,7,68,09:27 PM,09:04 AM,06:35 AM,06:13 PM,20,22,25,22,9,21,87,0.0,1015,22,10,37,5,nellore
2020-02-12 06:00:00,29,22,0.0,11.6,7,68,09:27 PM,09:04 AM,06:35 AM,06:13 PM,19,25,25,23,6,24,80,0.0,1016,23,10,12,4,nellore
2020-02-12 09:00:00,29,22,0.0,11.6,7,68,09:27 PM,09:04 AM,06:35 AM,06:13 PM,19,28,28,27,12,17,62,0.0,1018,27,10,38,10,nellore
2020-02-12 12:00:00,29,22,0.0,11.6,7,68,09:27 PM,09:04 AM,06:35 AM,06:13 PM,18,30,30,29,22,0,50,0.0,1016,29,10,70,19,nellore
2020-02-12 15:00:00,29,22,0.0,11.6,7,68,09:27 PM,09:04 AM,06:35 AM,06:13 PM,18,29,29,28,22,1,55,0.0,1014,28,10,74,18,nellore
2020-02-12 18:00:00,29,22,0.0,11.6,7,68,09:27 PM,09:04 AM,06:35 AM,06:13 PM,20,28,28,26,17,1,72,0.0,1015,26,10,82,12,nellore
2020-02-12 21:00:00,29,22,0.0,11.6,7,68,09:27 PM,09:04 AM,06:35 AM,06:13 PM,21,26,26,24,9,0,84,0.0,1016,24,10,129,6,nellore
2020-02-13 00:00:00,29,21,0.0,11.6,7,60,10:24 PM,09:50 AM,06:35 AM,06:14 PM,20,25,25,22,12,21,88,0.0,1016,22,10,161,6,nellore
2020-02-13 03:00:00,29,21,0.0,11.6,7,60,10:24 PM,09:50 AM,06:35 AM,06:14 PM,20,21,23,21,13,18,93,0.0,1015,21,7,227,7,nellore
2020-02-13 06:00:00,29,21,0.0,11.6,7,60,10:24 PM,09:50 AM,06:35 AM,06:14 PM,20,22,22,22,8,25,89,0.0,1015,22,5,263,5,nellore
2020-02-13 09:00:00,29,21,0.0,11.6,7,60,10:24 PM,09:50 AM,06:35 AM,06:14 PM,20,28,28,26,8,20,70,0.0,1017,26,10,221,7,nellore
2020-02-13 12:00:00,29,21,0.0,11.6,7,60,10:24 PM,09:50 AM,06:35 AM,06:14 PM,19,31,31,29,17,9,54,0.0,1015,29,10,75,14,nellore
2020-02-13 15:00:00,29,21,0.0,11.6,7,60,10:24 PM,09:50 AM,06:35 AM,06:14 PM,19,30,30,28,19,4,56,0.0,1013,28,10,82,16,nellore
2020-02-13 18:00:00,29,21,0.0,11.6,7,60,10:24 PM,09:50 AM,06:35 AM,06:14 PM,19,27,27,25,21,5,69,0.0,1013,25,10,105,14,nellore
2020-02-13 21:00:00,29,21,0.0,11.6,7,60,10:24 PM,09:50 AM,06:35 AM,06:14 PM,19,25,25,23,18,2,80,0.0,1014,23,10,149,10,nellore
2020-02-14 00:00:00,31,21,0.0,11.6,7,53,11:22 PM,10:34 AM,06:34 AM,06:14 PM,19,22,24,22,18,1,86,0.0,1014,22,10,209,9,nellore
2020-02-14 03:00:00,31,21,0.0,11.6,7,53,11:22 PM,10:34 AM,06:34 AM,06:14 PM,20,21,23,21,11,1,91,0.0,1012,21,10,223,6,nellore
2020-02-14 06:00:00,31,21,0.0,11.6,7,53,11:22 PM,10:34 AM,06:34 AM,06:14 PM,19,23,23,22,12,0,83,0.0,1013,22,10,205,7,nellore
2020-02-14 09:00:00,31,21,0.0,11.6,7,53,11:22 PM,10:34 AM,06:34 AM,06:14 PM,18,28,28,27,9,0,61,0.0,1014,27,10,178,8,nellore
2020-02-14 12:00:00,31,21,0.0,11.6,7,53,11:22 PM,10:34 AM,06:34 AM,06:14 PM,16,31,31,31,13,0,42,0.0,1013,31,10,121,11,nellore
2020-02-14 15:00:00,31,21,0.0,11.6,7,53,11:22 PM,10:34 AM,06:34 AM,06:14 PM,17,30,30,30,21,0,46,0.0,1010,30,10,99,17,nellore
2020-02-14 18:00:00,31,21,0.0,11.6,7,53,11:22 PM,10:34 AM,06:34 AM,06:14 PM,18,27,27,26,24,0,65,0.0,1011,26,10,108,15,nellore
2020-02-14 21:00:00,31,21,0.0,11.6,7,53,11:22 PM,10:34 AM,06:34 AM,06:14 PM,19,25,25,23,23,0,77,0.0,1013,23,10,145,11,nellore
2020-02-15 00:00:00,32,20,0.0,11.6,7,45,No moonrise,11:21 AM,06:34 AM,06:14 PM,18,21,23,21,24,0,83,0.0,1013,21,10,194,12,nellore
2020-02-15 03:00:00,32,20,0.0,11.6,7,45,No moonrise,11:21 AM,06:34 AM,06:14 PM,17,20,20,20,26,0,84,0.0,1012,20,10,192,12,nellore
2020-02-15 06:00:00,32,20,0.0,11.6,7,45,No moonrise,11:21 AM,06:34 AM,06:14 PM,17,21,22,21,22,0,74,0.0,1013,21,10,188,12,nellore
2020-02-15 09:00:00,32,20,0.0,11.6,7,45,No moonrise,11:21 AM,06:34 AM,06:14 PM,15,28,28,27,14,0,52,0.0,1014,27,10,184,12,nellore
2020-02-15 12:00:00,32,20,0.0,11.6,7,45,No moonrise,11:21 AM,06:34 AM,06:14 PM,13,31,31,32,13,0,32,0.0,1013,32,10,144,11,nellore
2020-02-15 15:00:00,32,20,0.0,11.6,7,45,No moonrise,11:21 AM,06:34 AM,06:14 PM,15,31,31,31,21,0,38,0.0,1010,31,10,96,16,nellore
2020-02-15 18:00:00,32,20,0.0,11.6,7,45,No moonrise,11:21 AM,06:34 AM,06:14 PM,17,27,27,26,27,0,59,0.0,1011,26,10,94,17,nellore
2020-02-15 21:00:00,32,20,0.0,11.6,7,45,No moonrise,11:21 AM,06:34 AM,06:14 PM,18,25,25,24,25,0,73,0.0,1013,24,10,121,12,nellore
2020-02-16 00:00:00,31,20,0.0,11.6,7,38,12:19 AM,12:08 PM,06:34 AM,06:15 PM,18,21,23,21,21,0,80,0.0,1013,21,10,191,10,nellore
2020-02-16 03:00:00,31,20,0.0,11.6,7,38,12:19 AM,12:08 PM,06:34 AM,06:15 PM,17,20,20,20,20,0,83,0.0,1012,20,10,201,9,nellore
2020-02-16 06:00:00,31,20,0.0,11.6,7,38,12:19 AM,12:08 PM,06:34 AM,06:15 PM,17,21,22,21,17,0,78,0.0,1013,21,10,188,10,nellore
2020-02-16 09:00:00,31,20,0.0,11.6,7,38,12:19 AM,12:08 PM,06:34 AM,06:15 PM,16,27,27,26,16,0,56,0.0,1016,26,10,158,13,nellore
2020-02-16 12:00:00,31,20,0.0,11.6,7,38,12:19 AM,12:08 PM,06:34 AM,06:15 PM,14,31,31,31,20,0,37,0.0,1014,31,10,129,17,nellore
2020-02-16 15:00:00,31,20,0.0,11.6,7,38,12:19 AM,12:08 PM,06:34 AM,06:15 PM,15,30,30,29,23,0,42,0.0,1012,29,10,118,18,nellore
2020-02-16 18:00:00,31,20,0.0,11.6,7,38,12:19 AM,12:08 PM,06:34 AM,06:15 PM,17,27,27,26,23,0,60,0.0,1013,26,10,124,14,nellore
2020-02-16 21:00:00,31,20,0.0,11.6,7,38,12:19 AM,12:08 PM,06:34 AM,06:15 PM,18,25,25,23,19,0,72,0.0,1015,23,10,145,9,nellore
2020-02-17 00:00:00,30,20,0.0,11.6,7,30,01:16 AM,12:57 PM,06:33 AM,06:15 PM,17,22,23,22,17,0,74,0.0,1015,22,10,189,9,nellore
2020-02-17 03:00:00,30,20,0.0,11.6,7,30,01:16 AM,12:57 PM,06:33 AM,06:15 PM,16,20,20,20,18,0,78,0.0,1013,20,10,210,9,nellore
2020-02-17 06:00:00,30,20,0.0,11.6,7,30,01:16 AM,12:57 PM,06:33 AM,06:15 PM,16,21,22,21,12,0,74,0.0,1014,21,10,199,7,nellore
2020-02-17 09:00:00,30,20,0.0,11.6,7,30,01:16 AM,12:57 PM,06:33 AM,06:15 PM,16,27,27,26,12,0,54,0.0,1016,26,10,169,10,nellore
2020-02-17 12:00:00,30,20,0.0,11.6,7,30,01:16 AM,12:57 PM,06:33 AM,06:15 PM,16,30,30,30,19,0,42,0.0,1015,30,10,124,16,nellore
2020-02-17 15:00:00,30,20,0.0,11.6,7,30,01:16 AM,12:57 PM,06:33 AM,06:15 PM,16,30,30,29,20,0,46,0.0,1013,29,10,116,16,nellore
2020-02-17 18:00:00,30,20,0.0,11.6,7,30,01:16 AM,12:57 PM,06:33 AM,06:15 PM,17,27,27,26,17,0,59,0.0,1014,26,10,115,12,nellore
2020-02-17 21:00:00,30,20,0.0,11.6,7,30,01:16 AM,12:57 PM,06:33 AM,06:15 PM,18,26,26,24,13,0,71,0.0,1015,24,10,140,8,nellore
2020-02-18 00:00:00,30,20,0.0,11.6,7,22,02:13 AM,01:49 PM,06:33 AM,06:15 PM,16,22,23,22,21,0,72,0.0,1015,22,10,175,10,nellore
2020-02-18 03:00:00,30,20,0.0,11.6,7,22,02:13 AM,01:49 PM,06:33 AM,06:15 PM,16,20,20,20,20,0,77,0.0,1013,20,10,207,9,nellore
2020-02-18 06:00:00,30,20,0.0,11.6,7,22,02:13 AM,01:49 PM,06:33 AM,06:15 PM,16,21,22,21,14,0,72,0.0,1014,21,10,199,8,nellore
2020-02-18 09:00:00,30,20,0.0,11.6,7,22,02:13 AM,01:49 PM,06:33 AM,06:15 PM,16,27,27,26,12,0,56,0.0,1016,26,10,164,10,nellore
2020-02-18 12:00:00,30,20,0.0,11.6,7,22,02:13 AM,01:49 PM,06:33 AM,06:15 PM,17,30,30,30,17,0,46,0.0,1015,30,10,115,15,nellore
2020-02-18 15:00:00,30,20,0.0,11.6,7,22,02:13 AM,01:49 PM,06:33 AM,06:15 PM,17,30,30,29,21,0,50,0.0,1013,29,10,112,17,nellore
2020-02-18 18:00:00,30,20,0.0,11.6,7,22,02:13 AM,01:49 PM,06:33 AM,06:15 PM,18,27,27,26,23,0,62,0.0,1013,26,10,123,15,nellore
2020-02-18 21:00:00,30,20,0.0,11.6,7,22,02:13 AM,01:49 PM,06:33 AM,06:15 PM,18,25,25,23,23,0,73,0.0,1015,23,10,143,12,nellore
2020-02-19 00:00:00,29,21,0.0,11.6,7,15,03:08 AM,02:41 PM,06:32 AM,06:15 PM,18,22,23,22,22,0,78,0.0,1014,22,10,170,10,nellore
2020-02-19 03:00:00,29,21,0.0,11.6,7,15,03:08 AM,02:41 PM,06:32 AM,06:15 PM,18,21,21,21,21,0,82,0.0,1013,21,10,194,10,nellore
2020-02-19 06:00:00,29,21,0.0,11.6,7,15,03:08 AM,02:41 PM,06:32 AM,06:15 PM,18,22,22,22,15,0,79,0.0,1014,22,10,193,8,nellore
2020-02-19 09:00:00,29,21,0.0,11.6,7,15,03:08 AM,02:41 PM,06:32 AM,06:15 PM,18,28,28,26,12,0,62,0.0,1016,26,10,152,10,nellore
2020-02-19 12:00:00,29,21,0.0,11.6,7,15,03:08 AM,02:41 PM,06:32 AM,06:15 PM,18,30,30,29,19,0,49,0.0,1014,29,10,114,17,nellore
2020-02-19 15:00:00,29,21,0.0,11.6,7,15,03:08 AM,02:41 PM,06:32 AM,06:15 PM,17,29,29,28,22,0,52,0.0,1012,28,10,114,18,nellore
2020-02-19 18:00:00,29,21,0.0,11.6,7,15,03:08 AM,02:41 PM,06:32 AM,06:15 PM,18,27,27,26,19,0,64,0.0,1013,26,10,117,13,nellore
2020-02-19 21:00:00,29,21,0.0,11.6,7,15,03:08 AM,02:41 PM,06:32 AM,06:15 PM,19,26,26,24,12,1,74,0.0,1015,24,10,134,7,nellore
2020-02-20 00:00:00,30,22,0.0,11.6,7,7,04:01 AM,03:35 PM,06:32 AM,06:16 PM,19,25,25,23,13,0,79,0.0,1014,23,10,161,7,nellore
2020-02-20 03:00:00,30,22,0.0,11.6,7,7,04:01 AM,03:35 PM,06:32 AM,06:16 PM,19,22,25,22,13,0,84,0.0,1013,22,10,198,7,nellore
2020-02-20 06:00:00,30,22,0.0,11.6,7,7,04:01 AM,03:35 PM,06:32 AM,06:16 PM,19,25,25,23,9,0,79,0.0,1014,23,10,197,6,nellore
2020-02-20 09:00:00,30,22,0.0,11.6,7,7,04:01 AM,03:35 PM,06:32 AM,06:16 PM,18,28,28,27,11,0,57,0.0,1016,27,10,149,10,nellore
2020-02-20 12:00:00,30,22,0.0,11.6,7,7,04:01 AM,03:35 PM,06:32 AM,06:16 PM,16,30,30,30,21,0,44,0.0,1014,30,10,98,18,nellore
2020-02-20 15:00:00,30,22,0.0,11.6,7,7,04:01 AM,03:35 PM,06:32 AM,06:16 PM,17,29,29,28,23,0,49,0.0,1012,28,10,100,19,nellore
2020-02-20 18:00:00,30,22,0.0,11.6,7,7,04:01 AM,03:35 PM,06:32 AM,06:16 PM,18,27,27,25,21,0,64,0.0,1013,25,10,109,14,nellore
2020-02-20 21:00:00,30,22,0.0,11.6,7,7,04:01 AM,03:35 PM,06:32 AM,06:16 PM,19,25,25,23,17,4,78,0.0,1015,23,10,129,9,nellore
2020-02-21 00:00:00,29,21,0.0,11.6,7,0,04:51 AM,04:27 PM,06:31 AM,06:16 PM,19,22,23,22,14,20,83,0.0,1015,22,10,158,7,nellore
2020-02-21 03:00:00,29,21,0.0,11.6,7,0,04:51 AM,04:27 PM,06:31 AM,06:16 PM,18,21,21,21,10,9,87,0.0,1014,21,10,215,5,nellore
2020-02-21 06:00:00,29,21,0.0,11.6,7,0,04:51 AM,04:27 PM,06:31 AM,06:16 PM,18,22,22,22,7,5,83,0.0,1015,22,10,246,4,nellore
2020-02-21 09:00:00,29,21,0.0,11.6,7,0,04:51 AM,04:27 PM,06:31 AM,06:16 PM,18,28,28,26,8,3,61,0.0,1017,26,10,199,7,nellore
2020-02-21 12:00:00,29,21,0.0,11.6,7,0,04:51 AM,04:27 PM,06:31 AM,06:16 PM,17,30,30,29,19,0,46,0.0,1016,29,10,104,17,nellore
2020-02-21 15:00:00,29,21,0.0,11.6,7,0,04:51 AM,04:27 PM,06:31 AM,06:16 PM,17,29,29,28,23,0,51,0.0,1014,28,10,93,19,nellore
2020-02-21 18:00:00,29,21,0.0,11.6,7,0,04:51 AM,04:27 PM,06:31 AM,06:16 PM,18,27,27,25,23,0,66,0.0,1015,25,10,90,15,nellore
2020-02-21 21:00:00,29,21,0.0,11.6,7,0,04:51 AM,04:27 PM,06:31 AM,06:16 PM,20,22,24,22,17,0,80,0.0,1017,22,10,98,9,nellore
2020-02-22 00:00:00,30,22,0.0,11.6,7,0,05:38 AM,05:19 PM,06:31 AM,06:16 PM,20,25,25,22,9,21,88,0.0,1017,22,10,87,4,nellore
2020-02-22 03:00:00,30,22,0.0,11.6,7,0,05:38 AM,05:19 PM,06:31 AM,06:16 PM,20,22,23,22,2,34,90,0.0,1016,22,10,155,1,nellore
2020-02-22 06:00:00,30,22,0.0,11.6,7,0,05:38 AM,05:19 PM,06:31 AM,06:16 PM,20,23,23,22,3,34,85,0.0,1017,22,10,203,2,nellore
2020-02-22 09:00:00,30,22,0.0,11.6,7,0,05:38 AM,05:19 PM,06:31 AM,06:16 PM,19,28,28,27,8,18,64,0.0,1018,27,10,62,7,nellore
2020-02-22 12:00:00,30,22,0.0,11.6,7,0,05:38 AM,05:19 PM,06:31 AM,06:16 PM,17,31,31,30,21,0,47,0.0,1016,30,10,99,18,nellore
2020-02-22 15:00:00,30,22,0.0,11.6,7,0,05:38 AM,05:19 PM,06:31 AM,06:16 PM,18,30,30,29,23,0,52,0.0,1014,29,10,97,19,nellore
2020-02-22 18:00:00,30,22,0.0,11.6,7,0,05:38 AM,05:19 PM,06:31 AM,06:16 PM,19,27,27,25,21,3,70,0.0,1015,25,10,102,15,nellore
2020-02-22 21:00:00,30,22,0.0,11.6,7,0,05:38 AM,05:19 PM,06:31 AM,06:16 PM,20,25,25,23,15,10,84,0.0,1017,23,10,115,8,nellore
2020-02-23 00:00:00,30,22,0.0,11.6,7,0,06:21 AM,06:09 PM,06:30 AM,06:17 PM,21,25,25,23,12,21,88,0.0,1016,23,10,127,6,nellore
2020-02-23 03:00:00,30,22,0.0,11.6,7,0,06:21 AM,06:09 PM,06:30 AM,06:17 PM,20,22,23,22,9,29,91,0.0,1015,22,10,192,5,nellore
2020-02-23 06:00:00,30,22,0.0,11.6,7,0,06:21 AM,06:09 PM,06:30 AM,06:17 PM,20,23,23,22,9,23,86,0.0,1016,22,10,202,5,nellore
2020-02-23 09:00:00,30,22,0.0,11.6,7,0,06:21 AM,06:09 PM,06:30 AM,06:17 PM,19,28,28,27,12,14,64,0.0,1017,27,10,138,10,nellore
2020-02-23 12:00:00,30,22,0.0,11.6,7,0,06:21 AM,06:09 PM,06:30 AM,06:17 PM,18,31,31,30,22,0,50,0.0,1015,30,10,106,19,nellore
2020-02-23 15:00:00,30,22,0.0,11.6,7,0,06:21 AM,06:09 PM,06:30 AM,06:17 PM,19,31,31,29,23,4,56,0.0,1013,29,10,103,19,nellore
2020-02-23 18:00:00,30,22,0.0,11.6,7,0,06:21 AM,06:09 PM,06:30 AM,06:17 PM,20,28,28,26,23,15,71,0.0,1014,26,10,98,16,nellore
2020-02-23 21:00:00,30,22,0.0,11.6,7,0,06:21 AM,06:09 PM,06:30 AM,06:17 PM,21,26,26,24,18,30,85,0.0,1015,24,10,103,10,nellore
2020-02-24 00:00:00,31,22,0.0,11.6,7,0,07:01 AM,06:57 PM,06:30 AM,06:17 PM,20,25,25,23,15,13,87,0.0,1015,23,10,158,8,nellore
2020-02-24 03:00:00,31,22,0.0,11.6,7,0,07:01 AM,06:57 PM,06:30 AM,06:17 PM,20,22,23,22,15,11,92,0.0,1013,22,7,204,8,nellore
2020-02-24 06:00:00,31,22,0.0,11.6,7,0,07:01 AM,06:57 PM,06:30 AM,06:17 PM,20,23,23,22,11,12,89,0.0,1013,22,5,212,7,nellore
2020-02-24 09:00:00,31,22,0.0,11.6,7,0,07:01 AM,06:57 PM,06:30 AM,06:17 PM,20,28,28,27,12,2,67,0.0,1015,27,10,179,11,nellore
2020-02-24 12:00:00,31,22,0.0,11.6,7,0,07:01 AM,06:57 PM,06:30 AM,06:17 PM,18,32,32,31,22,0,46,0.0,1013,31,10,135,19,nellore
2020-02-24 15:00:00,31,22,0.0,11.6,7,0,07:01 AM,06:57 PM,06:30 AM,06:17 PM,18,31,31,30,26,0,51,0.0,1011,30,10,130,21,nellore
2020-02-24 18:00:00,31,22,0.0,11.6,7,0,07:01 AM,06:57 PM,06:30 AM,06:17 PM,20,28,28,26,27,0,72,0.0,1011,26,10,130,18,nellore
2020-02-24 21:00:00,31,22,0.0,11.6,7,0,07:01 AM,06:57 PM,06:30 AM,06:17 PM,21,26,26,24,23,12,86,0.0,1013,24,10,143,12,nellore
2020-02-25 00:00:00,31,21,0.0,11.6,7,8,07:39 AM,07:44 PM,06:29 AM,06:17 PM,21,25,25,23,18,4,89,0.0,1012,23,10,163,9,nellore
2020-02-25 03:00:00,31,21,0.0,11.6,7,8,07:39 AM,07:44 PM,06:29 AM,06:17 PM,20,21,23,21,23,12,94,0.0,1010,21,10,184,12,nellore
2020-02-25 06:00:00,31,21,0.0,11.6,7,8,07:39 AM,07:44 PM,06:29 AM,06:17 PM,20,23,23,22,27,23,88,0.0,1011,22,10,177,17,nellore
2020-02-25 09:00:00,31,21,0.0,11.6,7,8,07:39 AM,07:44 PM,06:29 AM,06:17 PM,20,30,30,28,27,22,65,0.0,1013,28,10,166,23,nellore
2020-02-25 12:00:00,31,21,0.0,11.6,7,8,07:39 AM,07:44 PM,06:29 AM,06:17 PM,19,33,33,31,25,7,49,0.0,1011,31,10,149,22,nellore
2020-02-25 15:00:00,31,21,0.0,11.6,7,8,07:39 AM,07:44 PM,06:29 AM,06:17 PM,20,32,32,30,31,7,57,0.0,1009,30,10,123,26,nellore
2020-02-25 18:00:00,31,21,0.0,11.6,7,8,07:39 AM,07:44 PM,06:29 AM,06:17 PM,21,29,29,26,30,6,73,0.0,1009,26,10,129,22,nellore
2020-02-25 21:00:00,31,21,0.0,11.6,7,8,07:39 AM,07:44 PM,06:29 AM,06:17 PM,22,27,27,24,28,6,86,0.0,1011,24,10,139,16,nellore
2020-02-26 00:00:00,31,23,0.0,8.8,7,15,08:14 AM,08:30 PM,06:29 AM,06:17 PM,22,26,26,24,30,17,89,0.0,1010,24,10,157,18,nellore
2020-02-26 03:00:00,31,23,0.0,8.8,7,15,08:14 AM,08:30 PM,06:29 AM,06:17 PM,22,25,25,23,26,43,94,0.0,1009,23,10,176,15,nellore
2020-02-26 06:00:00,31,23,0.0,8.8,7,15,08:14 AM,08:30 PM,06:29 AM,06:17 PM,21,26,26,24,21,67,89,0.0,1011,24,10,182,13,nellore
2020-02-26 09:00:00,31,23,0.0,8.8,7,15,08:14 AM,08:30 PM,06:29 AM,06:17 PM,21,30,30,28,17,79,67,0.1,1013,28,10,181,15,nellore
2020-02-26 12:00:00,31,23,0.0,8.8,7,15,08:14 AM,08:30 PM,06:29 AM,06:17 PM,20,33,33,31,19,61,52,0.1,1012,31,9,156,16,nellore
2020-02-26 15:00:00,31,23,0.0,8.8,7,15,08:14 AM,08:30 PM,06:29 AM,06:17 PM,20,33,33,31,24,14,54,0.0,1010,31,10,119,20,nellore
2020-02-26 18:00:00,31,23,0.0,8.8,7,15,08:14 AM,08:30 PM,06:29 AM,06:17 PM,21,30,30,27,26,3,69,0.0,1011,27,10,111,18,nellore
2020-02-26 21:00:00,31,23,0.0,8.8,7,15,08:14 AM,08:30 PM,06:29 AM,06:17 PM,22,28,28,25,26,2,83,0.0,1013,25,10,113,15,nellore
2020-02-27 00:00:00,31,23,0.0,11.6,7,23,08:50 AM,09:16 PM,06:28 AM,06:17 PM,22,27,27,25,26,9,88,0.0,1012,25,10,136,15,nellore
2020-02-27 03:00:00,31,23,0.0,11.6,7,23,08:50 AM,09:16 PM,06:28 AM,06:17 PM,22,26,26,23,19,31,93,0.0,1011,23,7,174,10,nellore
2020-02-27 06:00:00,31,23,0.0,11.6,7,23,08:50 AM,09:16 PM,06:28 AM,06:17 PM,22,26,26,24,16,67,88,0.0,1012,24,5,192,11,nellore
2020-02-27 09:00:00,31,23,0.0,11.6,7,23,08:50 AM,09:16 PM,06:28 AM,06:17 PM,21,30,30,28,18,52,67,0.0,1014,28,10,154,15,nellore
2020-02-27 12:00:00,31,23,0.0,11.6,7,23,08:50 AM,09:16 PM,06:28 AM,06:17 PM,20,33,33,31,21,8,53,0.0,1012,31,10,122,18,nellore
2020-02-27 15:00:00,31,23,0.0,11.6,7,23,08:50 AM,09:16 PM,06:28 AM,06:17 PM,20,32,32,30,24,3,55,0.0,1010,30,10,108,20,nellore
2020-02-27 18:00:00,31,23,0.0,11.6,7,23,08:50 AM,09:16 PM,06:28 AM,06:17 PM,21,29,29,27,25,3,70,0.0,1011,27,10,108,17,nellore
2020-02-27 21:00:00,31,23,0.0,11.6,7,23,08:50 AM,09:16 PM,06:28 AM,06:17 PM,21,26,26,24,23,4,81,0.0,1013,24,10,131,12,nellore
2020-02-28 00:00:00,31,22,0.0,11.6,7,30,09:26 AM,10:02 PM,06:28 AM,06:18 PM,21,25,25,23,21,6,87,0.0,1012,23,10,167,11,nellore
2020-02-28 03:00:00,31,22,0.0,11.6,7,30,09:26 AM,10:02 PM,06:28 AM,06:18 PM,21,25,25,22,21,8,92,0.0,1010,22,10,182,10,nellore
2020-02-28 06:00:00,31,22,0.0,11.6,7,30,09:26 AM,10:02 PM,06:28 AM,06:18 PM,20,26,26,23,18,15,86,0.0,1011,23,10,177,11,nellore
2020-02-28 09:00:00,31,22,0.0,11.6,7,30,09:26 AM,10:02 PM,06:28 AM,06:18 PM,20,30,30,28,16,18,63,0.0,1013,28,10,155,14,nellore
2020-02-28 12:00:00,31,22,0.0,11.6,7,30,09:26 AM,10:02 PM,06:28 AM,06:18 PM,18,33,33,31,21,7,45,0.0,1011,31,10,122,18,nellore
2020-02-28 15:00:00,31,22,0.0,11.6,7,30,09:26 AM,10:02 PM,06:28 AM,06:18 PM,18,32,32,30,24,7,50,0.0,1009,30,10,117,20,nellore
2020-02-28 18:00:00,31,22,0.0,11.6,7,30,09:26 AM,10:02 PM,06:28 AM,06:18 PM,20,28,28,27,23,7,67,0.0,1009,27,10,121,16,nellore
2020-02-28 21:00:00,31,22,0.0,11.6,7,30,09:26 AM,10:02 PM,06:28 AM,06:18 PM,20,26,26,24,21,6,79,0.0,1011,24,10,139,12,nellore
2020-02-29 00:00:00,31,23,0.0,10.2,6,38,10:03 AM,10:49 PM,06:27 AM,06:18 PM,21,25,25,23,20,31,85,0.0,1011,23,10,135,11,nellore
2020-02-29 03:00:00,31,23,0.0,10.2,6,38,10:03 AM,10:49 PM,06:27 AM,06:18 PM,21,25,25,23,13,79,89,0.0,1010,23,10,170,7,nellore
2020-02-29 06:00:00,31,23,0.0,10.2,6,38,10:03 AM,10:49 PM,06:27 AM,06:18 PM,21,26,26,24,10,72,83,0.1,1011,24,10,209,6,nellore
2020-02-29 09:00:00,31,23,0.0,10.2,6,38,10:03 AM,10:49 PM,06:27 AM,06:18 PM,20,30,30,28,13,72,65,0.1,1013,28,10,164,12,nellore
2020-02-29 12:00:00,31,23,0.0,10.2,6,38,10:03 AM,10:49 PM,06:27 AM,06:18 PM,19,33,33,31,22,52,51,0.1,1012,31,10,115,19,nellore
2020-02-29 15:00:00,31,23,0.0,10.2,6,38,10:03 AM,10:49 PM,06:27 AM,06:18 PM,20,31,31,29,24,5,57,0.0,1009,29,10,102,21,nellore
2020-02-29 18:00:00,31,23,0.0,10.2,6,38,10:03 AM,10:49 PM,06:27 AM,06:18 PM,20,28,28,26,26,7,72,0.0,1010,26,10,105,19,nellore
2020-02-29 21:00:00,31,23,0.0,10.2,6,38,10:03 AM,10:49 PM,06:27 AM,06:18 PM,20,26,26,24,23,3,80,0.0,1012,24,10,130,13,nellore
2020-03-01 00:00:00,31,22,0.0,11.6,7,44,10:42 AM,11:39 PM,06:26 AM,06:18 PM,19,25,25,23,22,5,79,0.0,1012,23,10,157,12,nellore
2020-03-01 03:00:00,31,22,0.0,11.6,7,44,10:42 AM,11:39 PM,06:26 AM,06:18 PM,19,25,25,22,20,5,84,0.0,1011,22,10,185,11,nellore
2020-03-01 06:00:00,31,22,0.0,11.6,7,44,10:42 AM,11:39 PM,06:26 AM,06:18 PM,19,25,25,23,16,3,80,0.0,1012,23,10,187,10,nellore
2020-03-01 09:00:00,31,22,0.0,11.6,7,44,10:42 AM,11:39 PM,06:26 AM,06:18 PM,18,29,29,28,15,3,59,0.0,1014,28,10,152,14,nellore
2020-03-01 12:00:00,31,22,0.0,11.6,7,44,10:42 AM,11:39 PM,06:26 AM,06:18 PM,17,32,32,31,19,3,44,0.0,1012,31,10,107,17,nellore
2020-03-01 15:00:00,31,22,0.0,11.6,7,44,10:42 AM,11:39 PM,06:26 AM,06:18 PM,17,31,31,30,22,3,48,0.0,1010,30,10,102,18,nellore
2020-03-01 18:00:00,31,22,0.0,11.6,7,44,10:42 AM,11:39 PM,06:26 AM,06:18 PM,18,28,28,26,23,1,61,0.0,1010,26,10,112,16,nellore
2020-03-01 21:00:00,31,22,0.0,11.6,7,44,10:42 AM,11:39 PM,06:26 AM,06:18 PM,18,25,25,24,24,0,73,0.0,1012,24,10,141,12,nellore
2020-03-02 00:00:00,31,21,0.0,11.6,7,51,11:25 AM,No moonset,06:26 AM,06:18 PM,19,25,25,23,23,1,82,0.0,1012,23,10,166,12,nellore
2020-03-02 03:00:00,31,21,0.0,11.6,7,51,11:25 AM,No moonset,06:26 AM,06:18 PM,19,21,23,21,19,2,87,0.0,1010,21,10,186,10,nellore
2020-03-02 06:00:00,31,21,0.0,11.6,7,51,11:25 AM,No moonset,06:26 AM,06:18 PM,19,23,23,22,15,4,82,0.0,1012,22,10,189,9,nellore
2020-03-02 09:00:00,31,21,0.0,11.6,7,51,11:25 AM,No moonset,06:26 AM,06:18 PM,18,29,29,27,13,7,58,0.0,1014,27,10,164,11,nellore
2020-03-02 12:00:00,31,21,0.0,11.6,7,51,11:25 AM,No moonset,06:26 AM,06:18 PM,17,32,32,31,16,5,43,0.0,1012,31,10,106,14,nellore
2020-03-02 15:00:00,31,21,0.0,11.6,7,51,11:25 AM,No moonset,06:26 AM,06:18 PM,18,31,31,30,22,4,48,0.0,1010,30,10,96,18,nellore
2020-03-02 18:00:00,31,21,0.0,11.6,7,51,11:25 AM,No moonset,06:26 AM,06:18 PM,19,28,28,27,24,5,61,0.0,1010,27,10,106,17,nellore
2020-03-02 21:00:00,31,21,0.0,11.6,7,51,11:25 AM,No moonset,06:26 AM,06:18 PM,19,26,26,24,27,8,73,0.0,1012,24,10,132,15,nellore
2020-03-03 00:00:00,33,22,0.0,11.6,7,58,12:11 PM,12:31 AM,06:25 AM,06:18 PM,20,25,25,23,19,4,81,0.0,1012,23,10,182,10,nellore
2020-03-03 03:00:00,33,22,0.0,11.6,7,58,12:11 PM,12:31 AM,06:25 AM,06:18 PM,19,22,24,22,19,4,85,0.0,1010,22,10,192,10,nellore
2020-03-03 06:00:00,33,22,0.0,11.6,7,58,12:11 PM,12:31 AM,06:25 AM,06:18 PM,19,25,25,23,20,5,77,0.0,1012,23,10,175,12,nellore
2020-03-03 09:00:00,33,22,0.0,11.6,7,58,12:11 PM,12:31 AM,06:25 AM,06:18 PM,18,30,30,29,18,4,53,0.0,1013,29,10,175,16,nellore
2020-03-03 12:00:00,33,22,0.0,11.6,7,58,12:11 PM,12:31 AM,06:25 AM,06:18 PM,17,34,34,33,18,5,38,0.0,1011,33,10,140,16,nellore
2020-03-03 15:00:00,33,22,0.0,11.6,7,58,12:11 PM,12:31 AM,06:25 AM,06:18 PM,17,33,33,32,23,5,42,0.0,1009,32,10,102,19,nellore
2020-03-03 18:00:00,33,22,0.0,11.6,7,58,12:11 PM,12:31 AM,06:25 AM,06:18 PM,19,29,29,28,30,5,59,0.0,1009,28,10,99,21,nellore
2020-03-03 21:00:00,33,22,0.0,11.6,7,58,12:11 PM,12:31 AM,06:25 AM,06:18 PM,20,27,27,25,30,6,72,0.0,1011,25,10,129,17,nellore
2020-03-04 00:00:00,33,23,0.0,11.6,7,65,01:03 PM,01:26 AM,06:25 AM,06:19 PM,20,26,26,24,25,8,80,0.0,1010,24,10,183,13,nellore
2020-03-04 03:00:00,33,23,0.0,11.6,7,65,01:03 PM,01:26 AM,06:25 AM,06:19 PM,19,25,25,23,27,13,82,0.0,1009,23,10,184,14,nellore
2020-03-04 06:00:00,33,23,0.0,11.6,7,65,01:03 PM,01:26 AM,06:25 AM,06:19 PM,19,26,26,24,25,15,74,0.0,1011,24,10,181,15,nellore
2020-03-04 09:00:00,33,23,0.0,11.6,7,65,01:03 PM,01:26 AM,06:25 AM,06:19 PM,17,29,29,28,15,21,53,0.0,1013,28,10,191,12,nellore
2020-03-04 12:00:00,33,23,0.0,11.6,7,65,01:03 PM,01:26 AM,06:25 AM,06:19 PM,16,34,34,33,14,15,37,0.0,1011,33,10,161,12,nellore
2020-03-04 15:00:00,33,23,0.0,11.6,7,65,01:03 PM,01:26 AM,06:25 AM,06:19 PM,19,34,34,32,28,8,47,0.0,1008,32,10,106,23,nellore
2020-03-04 18:00:00,33,23,0.0,11.6,7,65,01:03 PM,01:26 AM,06:25 AM,06:19 PM,20,29,29,28,29,6,62,0.0,1008,28,10,121,21,nellore
2020-03-04 21:00:00,33,23,0.0,11.6,7,65,01:03 PM,01:26 AM,06:25 AM,06:19 PM,20,27,27,25,23,8,73,0.0,1010,25,10,152,13,nellore
2020-03-05 00:00:00,33,23,0.0,11.6,7,73,01:59 PM,02:22 AM,06:24 AM,06:19 PM,20,26,26,24,20,11,78,0.0,1010,24,10,166,10,nellore
2020-03-05 03:00:00,33,23,0.0,11.6,7,73,01:59 PM,02:22 AM,06:24 AM,06:19 PM,19,25,25,23,22,6,81,0.0,1008,23,10,172,12,nellore
2020-03-05 06:00:00,33,23,0.0,11.6,7,73,01:59 PM,02:22 AM,06:24 AM,06:19 PM,19,26,26,24,25,7,75,0.0,1010,24,10,178,15,nellore
2020-03-05 09:00:00,33,23,0.0,11.6,7,73,01:59 PM,02:22 AM,06:24 AM,06:19 PM,18,31,31,29,24,9,53,0.0,1012,29,10,175,21,nellore
2020-03-05 12:00:00,33,23,0.0,11.6,7,73,01:59 PM,02:22 AM,06:24 AM,06:19 PM,18,35,35,33,26,13,40,0.0,1010,33,10,156,22,nellore
2020-03-05 15:00:00,33,23,0.0,11.6,7,73,01:59 PM,02:22 AM,06:24 AM,06:19 PM,20,34,34,32,33,20,50,0.0,1008,32,10,134,27,nellore
2020-03-05 18:00:00,33,23,0.0,11.6,7,73,01:59 PM,02:22 AM,06:24 AM,06:19 PM,21,30,30,28,37,14,68,0.0,1008,28,10,140,27,nellore
2020-03-05 21:00:00,33,23,0.0,11.6,7,73,01:59 PM,02:22 AM,06:24 AM,06:19 PM,22,28,28,26,37,10,77,0.0,1010,26,10,150,23,nellore
2020-03-06 00:00:00,32,24,0.0,11.6,7,80,02:59 PM,03:20 AM,06:23 AM,06:19 PM,22,27,27,25,33,13,83,0.0,1010,25,10,162,21,nellore
2020-03-06 03:00:00,32,24,0.0,11.6,7,80,02:59 PM,03:20 AM,06:23 AM,06:19 PM,22,26,26,24,29,17,86,0.0,1009,24,10,173,18,nellore
2020-03-06 06:00:00,32,24,0.0,11.6,7,80,02:59 PM,03:20 AM,06:23 AM,06:19 PM,21,27,27,25,23,31,80,0.0,1010,25,10,182,15,nellore
2020-03-06 09:00:00,32,24,0.0,11.6,7,80,02:59 PM,03:20 AM,06:23 AM,06:19 PM,20,31,31,29,22,40,59,0.0,1012,29,10,175,19,nellore
2020-03-06 12:00:00,32,24,0.0,11.6,7,80,02:59 PM,03:20 AM,06:23 AM,06:19 PM,19,35,35,32,25,39,46,0.0,1011,32,10,152,22,nellore
2020-03-06 15:00:00,32,24,0.0,11.6,7,80,02:59 PM,03:20 AM,06:23 AM,06:19 PM,21,33,33,31,36,22,57,0.0,1008,31,10,130,30,nellore
2020-03-06 18:00:00,32,24,0.0,11.6,7,80,02:59 PM,03:20 AM,06:23 AM,06:19 PM,22,30,30,27,37,10,71,0.0,1009,27,10,137,27,nellore
2020-03-06 21:00:00,32,24,0.0,11.6,7,80,02:59 PM,03:20 AM,06:23 AM,06:19 PM,22,28,28,26,29,21,79,0.0,1011,26,10,148,18,nellore
2020-03-07 00:00:00,28,24,0.0,10.2,7,87,04:02 PM,04:16 AM,06:23 AM,06:19 PM,22,28,28,25,32,71,84,0.5,1011,25,9,161,20,nellore
2020-03-07 03:00:00,28,24,0.0,10.2,7,87,04:02 PM,04:16 AM,06:23 AM,06:19 PM,22,27,27,24,24,55,89,0.0,1010,24,10,166,15,nellore
2020-03-07 06:00:00,28,24,0.0,10.2,7,87,04:02 PM,04:16 AM,06:23 AM,06:19 PM,22,27,27,25,26,68,85,0.1,1011,25,10,167,17,nellore
2020-03-07 09:00:00,28,24,0.0,10.2,7,87,04:02 PM,04:16 AM,06:23 AM,06:19 PM,22,29,29,27,32,82,72,0.1,1014,27,10,165,24,nellore
2020-03-07 12:00:00,28,24,0.0,10.2,7,87,04:02 PM,04:16 AM,06:23 AM,06:19 PM,22,31,31,28,26,55,66,0.1,1012,28,10,160,20,nellore
2020-03-07 15:00:00,28,24,0.0,10.2,7,87,04:02 PM,04:16 AM,06:23 AM,06:19 PM,22,31,31,28,26,9,68,0.0,1010,28,10,134,20,nellore
2020-03-07 18:00:00,28,24,0.0,10.2,7,87,04:02 PM,04:16 AM,06:23 AM,06:19 PM,22,30,30,27,28,31,75,0.0,1011,27,10,138,21,nellore
2020-03-07 21:00:00,28,24,0.0,10.2,7,87,04:02 PM,04:16 AM,06:23 AM,06:19 PM,22,28,28,26,27,83,80,0.1,1013,26,10,153,18,nellore
2020-03-08 00:00:00,32,23,0.0,11.6,7,95,05:05 PM,05:10 AM,06:22 AM,06:19 PM,22,26,26,24,25,11,91,0.0,1012,24,10,157,14,nellore
2020-03-08 03:00:00,32,23,0.0,11.6,7,95,05:05 PM,05:10 AM,06:22 AM,06:19 PM,21,25,25,23,24,20,92,0.0,1011,23,7,170,13,nellore
2020-03-08 06:00:00,32,23,0.0,11.6,7,95,05:05 PM,05:10 AM,06:22 AM,06:19 PM,21,26,26,23,21,27,87,0.0,1012,23,5,177,14,nellore
2020-03-08 09:00:00,32,23,0.0,11.6,7,95,05:05 PM,05:10 AM,06:22 AM,06:19 PM,20,30,30,28,21,14,61,0.0,1014,28,10,160,18,nellore
2020-03-08 12:00:00,32,23,0.0,11.6,7,95,05:05 PM,05:10 AM,06:22 AM,06:19 PM,18,33,33,32,23,3,44,0.0,1012,32,10,135,20,nellore
2020-03-08 15:00:00,32,23,0.0,11.6,7,95,05:05 PM,05:10 AM,06:22 AM,06:19 PM,20,33,33,30,28,0,56,0.0,1010,30,10,121,23,nellore
2020-03-08 18:00:00,32,23,0.0,11.6,7,95,05:05 PM,05:10 AM,06:22 AM,06:19 PM,21,29,29,27,27,0,73,0.0,1010,27,10,129,19,nellore
2020-03-08 21:00:00,32,23,0.0,11.6,7,95,05:05 PM,05:10 AM,06:22 AM,06:19 PM,22,27,27,25,22,0,84,0.0,1012,25,10,150,13,nellore
2020-03-09 00:00:00,33,22,0.0,11.6,7,100,06:07 PM,06:02 AM,06:21 AM,06:19 PM,21,26,26,23,23,3,87,0.0,1010,23,10,159,12,nellore
2020-03-09 03:00:00,33,22,0.0,11.6,7,100,06:07 PM,06:02 AM,06:21 AM,06:19 PM,21,25,25,22,23,10,91,0.0,1009,22,10,170,12,nellore
2020-03-09 06:00:00,33,22,0.0,11.6,7,100,06:07 PM,06:02 AM,06:21 AM,06:19 PM,21,26,26,23,22,11,85,0.0,1010,23,10,176,14,nellore
2020-03-09 09:00:00,33,22,0.0,11.6,7,100,06:07 PM,06:02 AM,06:21 AM,06:19 PM,19,31,31,29,22,5,58,0.0,1012,29,10,174,19,nellore
2020-03-09 12:00:00,33,22,0.0,11.6,7,100,06:07 PM,06:02 AM,06:21 AM,06:19 PM,17,35,35,33,22,3,39,0.0,1010,33,10,154,19,nellore
2020-03-09 15:00:00,33,22,0.0,11.6,7,100,06:07 PM,06:02 AM,06:21 AM,06:19 PM,20,34,34,31,29,2,52,0.0,1008,31,10,119,24,nellore
2020-03-09 18:00:00,33,22,0.0,11.6,7,100,06:07 PM,06:02 AM,06:21 AM,06:19 PM,22,30,30,27,29,0,74,0.0,1008,27,10,132,21,nellore
2020-03-09 21:00:00,33,22,0.0,11.6,7,100,06:07 PM,06:02 AM,06:21 AM,06:19 PM,22,27,27,25,24,1,85,0.0,1010,25,10,155,14,nellore
2020-03-10 00:00:00,32,23,0.0,11.6,7,100,07:09 PM,06:51 AM,06:21 AM,06:20 PM,21,26,26,24,20,20,86,0.0,1011,24,10,161,11,nellore
2020-03-10 03:00:00,32,23,0.0,11.6,7,100,07:09 PM,06:51 AM,06:21 AM,06:20 PM,21,25,25,23,21,21,91,0.0,1010,23,10,176,12,nellore
2020-03-10 06:00:00,32,23,0.0,11.6,7,100,07:09 PM,06:51 AM,06:21 AM,06:20 PM,21,26,26,24,21,26,86,0.0,1011,24,10,171,14,nellore
2020-03-10 09:00:00,32,23,0.0,11.6,7,100,07:09 PM,06:51 AM,06:21 AM,06:20 PM,20,31,31,29,22,26,61,0.0,1013,29,10,159,19,nellore
2020-03-10 12:00:00,32,23,0.0,11.6,7,100,07:09 PM,06:51 AM,06:21 AM,06:20 PM,18,34,34,32,25,4,43,0.0,1011,32,10,138,22,nellore
2020-03-10 15:00:00,32,23,0.0,11.6,7,100,07:09 PM,06:51 AM,06:21 AM,06:20 PM,20,33,33,30,30,3,54,0.0,1009,30,10,125,25,nellore
2020-03-10 18:00:00,32,23,0.0,11.6,7,100,07:09 PM,06:51 AM,06:21 AM,06:20 PM,21,29,29,27,28,3,68,0.0,1009,27,10,130,21,nellore
2020-03-10 21:00:00,32,23,0.0,11.6,7,100,07:09 PM,06:51 AM,06:21 AM,06:20 PM,21,27,27,25,25,5,78,0.0,1011,25,10,143,15,nellore
2020-03-11 00:00:00,33,23,0.0,11.6,7,84,08:09 PM,07:39 AM,06:20 AM,06:20 PM,21,26,26,24,27,7,81,0.0,1011,24,10,154,15,nellore
2020-03-11 03:00:00,33,23,0.0,11.6,7,84,08:09 PM,07:39 AM,06:20 AM,06:20 PM,21,26,26,23,23,12,85,0.0,1009,23,10,171,13,nellore
2020-03-11 06:00:00,33,23,0.0,11.6,7,84,08:09 PM,07:39 AM,06:20 AM,06:20 PM,21,26,26,24,21,18,81,0.0,1011,24,10,185,14,nellore
2020-03-11 09:00:00,33,23,0.0,11.6,7,84,08:09 PM,07:39 AM,06:20 AM,06:20 PM,19,31,31,29,22,19,58,0.0,1013,29,10,172,19,nellore
2020-03-11 12:00:00,33,23,0.0,11.6,7,84,08:09 PM,07:39 AM,06:20 AM,06:20 PM,18,35,35,33,24,13,42,0.0,1011,33,10,150,21,nellore
2020-03-11 15:00:00,33,23,0.0,11.6,7,84,08:09 PM,07:39 AM,06:20 AM,06:20 PM,20,34,34,32,28,14,52,0.0,1009,32,10,130,24,nellore
2020-03-11 18:00:00,33,23,0.0,11.6,7,84,08:09 PM,07:39 AM,06:20 AM,06:20 PM,22,30,30,28,30,10,71,0.0,1010,28,10,133,23,nellore
2020-03-11 21:00:00,33,23,0.0,11.6,7,84,08:09 PM,07:39 AM,06:20 AM,06:20 PM,22,29,29,26,29,8,79,0.0,1012,26,10,146,19,nellore
